s腹,ga跋q旄m,ga簿锣笨nキよそへ,ㄏノだ跋┪sw
RPTNMLTKLHKFFAK88CA,郐霜Lq,242.00,D常カGsYaO|跋 ; D常カswG贺乜vノa
RPTNMLTKLHKFFAK88CA,郐霜Lq,432.00,D常カGsYaO|跋 ; D常カswG贺乜vノa
RPTNMLTKLHKFFAK88CA,郐霜Lq,213.00,D常カGsYaO|跋 ; D常カswGAノa
RPTNMLTKLHKFFAK88CA,郐霜Lq,5765.00,D常カGsYaO|跋 ; D常カswGL~ノa
RPQNMLMJMHKFFAK87CA,工臾|q,135.55,D常カGsYaO|跋 ; D常カswGAノa
RPRNMLMJMHKFFAK97CA,工臾|q,562.11,D常カGsYaO|跋 ; D常カswGAノa
RPQNMLRKLHKFFBK48CA,s，q,125.60,常カGㄤL
RPQNMLSKLHKFFBK58CA,霍ㄎq,555.14,常カGA
RPSNMLSKLHKFFBK78CA,蝴不q蝴不pq,10.00,D常カGSwA~跋 ; D常カswGユqノa
RPSNMLSKLHKFFBK78CA,蝴不q蝴不pq,81.00,D常カGSwA~跋 ; D常カswGヒ贺乜vノa
RPSNMLSKLHKFFBK78CA,蝴不q蝴不pq,10.00,D常カGSwA~跋 ; D常カswGヒ贺乜vノa
RPQPMLRJMHKFFBK68CA,n墩|qUn墩|pq,2542.00,D常カGsYaO|跋 ; D常カswGAノa
RPUNMLOKMHKFFBK68CA,wq,378.86,常カGㄤL
RPUOMLLMLHKFFDK78CA,j绌Wq,5126.00,D常カGsYaO|跋 ; D常カswGAノa
RPQNMLTKLHKFFEK98CA,E打nq,50.74,D常カG@牍A~跋 ; D常カswG贺乜vノa
RPQNMLTKLHKFFEK98CA,E打nq,8.55,D常カGsYaO|跋 ; D常カswG贺乜vノa
RPQNMLTKLHKFFEK98CA,E打nq,10.32,D常カGsYaO|跋 ; D常カswG贺乜vノa
RPQNMLTKLHKFFEK98CA,E打nq,43.22,D常カGsYaO|跋 ; D常カswG贺乜vノa
RPPNMLRKLHKFFEK68CA,ぱq,421.90,D常カGSwA~跋 ; D常カswGAノa
RPPNMLRKLHKFFEK68CA,ぱq,643.67,D常カGSwA~跋 ; D常カswGAノa
RPPNMLRKLHKFFEK68CA,ぱq,295.60,D常カGSwA~跋 ; D常カswGAノa
RPPNMLRKLHKFFEK68CA,ぱq,363.67,D常カGSwA~跋 ; D常カswGAノa
RPPNMLRKLHKFFEK68CA,ぱq,462.24,D常カGSwA~跋 ; D常カswGAノa
RPPNMLRKLHKFFEK68CA,ぱq,434.94,D常カGSwA~跋 ; D常カswGAノa
RPTNMLRKLHKFFEK09CA,G打q,812.00,D常カGSwA~跋 ; D常カswGAノa
RPTNMLRKLHKFFEK09CA,G打q,354.00,D常カGSwA~跋 ; D常カswGAノa
RPSNMLSKLHKFFEK09CA,继攫璎q,.97,D常カGSwA~跋 ; D常カswGAノa
RPSNMLSKLHKFFEK09CA,继攫璎q,.66,D常カGSwA~跋 ; D常カswGAノa
RPSNMLSKLHKFFEK09CA,继攫璎q,11.00,D常カGSwA~跋 ; D常カswGAノa
RPSNMLSKLHKFFEK09CA,继攫璎q,49.57,D常カGSwA~跋 ; D常カswGAノa
RPSNMLSKLHKFFEK09CA,继攫璎q,22.71,D常カGSwA~跋 ; D常カswGAノa
RPSNMLSKLHKFFEK09CA,继攫璎q,15.81,D常カGSwA~跋 ; D常カswGAノa
RPSNMLSKLHKFFEK09CA,继攫璎q,118.47,D常カGSwA~跋 ; D常カswGAノa
RPSNMLSKLHKFFEK09CA,继攫璎q,8.51,D常カGSwA~跋 ; D常カswGAノa
RPSNMLSKLHKFFEK09CA,继攫璎q,150.09,D常カGSwA~跋 ; D常カswGAノa
RPTNMLSKLHKFFEK56CA,λ瞅q,4753.00,D常カGsYaO|跋 ; D常カswGAノa
RPTNMLSKLHKFFEK56CA,λ瞅q,1738.00,D常カGsYaO|跋 ; D常カswGAノa
RPTNMLSKLHKFFEK56CA,继攫Fq,1858.67,D常カGsYaO|跋 ; D常カswGAノa
RPTNMLRKLHKFFFK56CA,ずWq,89.00,D常カG ; D常カswG
RPUNMLSKLHKFFFK76CA,Y鳜qGpq,268.00,常カG
RPUNMLSKLHKFFFK76CA,Y鳜qGpq,59.00,常カGㄤL
RPSNMLKLLHKFFFK48CA,订砍q,519.55,常カGA
RPSNMLKLLHKFFFK48CA,订砍q,562.17,常カGㄤL
RPRNMLKMLHKFFFK48CA,W砍q,25.00,D常カGsYaO|跋 ; D常カswG贺乜vノa
RPSNMLKMLHKFFFK58CA,W砍q,25.00,D常カGsYaO|跋 ; D常カswG贺乜vノa
RPRNMLRKLHKFFAK58DA,Lッq,20.85,常カG坝
RPPNMLKLLHKFFAK77DA,砍aq,1649.00,D常カGsYaO|跋 ; D常カswGAノa
RPPNMLMJMHKFFEK28DA,Teq,267.00,D常カGsYaO|跋 ; D常カswGAノa
RPPNMLMJMHKFFEK28DA,Teq,2600.00,D常カGsYaO|跋 ; D常カswGL~ノa
RPRNMLKMLHKFFCK38EA,酹sq,61.60,D常カGSwA~跋 ; D常カswGヒ贺乜vノa
RPOOMLLJMHKFFFK28DA,Y鳜q@pq,42.44,常カG
RPPOMLLJMHKFFFK38DA,Y鳜q@pq,42.44,常カG
RPQOMLLJMHKFFFK48DA,Y鳜q@pq,42.44,常カG
RPSOMLLJMHKFFFK68DA,Y鳜q@pq,42.44,常カG
RPUOMLLJMHKFFFK88DA,Y鳜q@pq,42.44,常カG
RPVOMLLJMHKFFFK98DA,Y鳜q@pq,42.44,常カG
RPQNMLLJMHKFFFK38DA,Y鳜q@pq,42.44,常カG
RPSNMLLJMHKFFFK58DA,Y鳜q@pq,42.44,常カG
RPTNMLLJMHKFFFK68DA,Y鳜q@pq,42.44,常カG
RPUNMLLJMHKFFFK78DA,Y鳜q@pq,42.44,常カG
RPVNMLLJMHKFFFK88DA,Y鳜q@pq,42.44,常カG
RPXNMLKLLHKFFFK98CA,_粪娇超q_粪娇长pq,2619.00,D常カGsYaO|跋 ; D常カswGAノa
RPRNMLRKLHKFFFK98CA,孪绗q嵘埭pq,27.94,常カG
RPPNMLTKLHKFFFK98CA,wqq,14.00,常カG
RPPNMLTKLHKFFFK98CA,wqq,.10,常カG
RPPNMLKLLHKFFFK18CA,WWq,571.64,常カGA
RPQNMLSKLHKFFFK98CA,wqq,29.78,常カG
RPQNMLSKLHKFFFK98CA,wqq,.06,常カG
RPQNMLSKLHKFFFK98CA,wqq,1.25,常カG
RPRNMLSKLHKFFFK09CA,い地q,64.39,常カG
RPSNMLSKLHKFFFK56CA,孪绗q┚Уpq,134.00,常カG
RPTNMLMJMHKFFEK58CA,き打q,844.00,D常カGSwA~跋 ; D常カswGAノa
RPUNMLSKLHKFFEK66CA,ρ蔓订q,2695.00,D常カGsYaO|跋 ; D常カswGAノa
RPXOMLKLLHKFFEK98CA,Teq,183.00,D常カGsYaO|跋 ; D常カswG贺乜vノa
RPXOMLKLLHKFFEK98CA,Teq,106.00,D常カGsYaO|跋 ; D常カswG贺乜vノa
RPUNMLTJMHKFFBK09CA,陈霍dq,233.00,常カG
RPUNMLSKLHKFFCK09CA,s砍q,150.48,常カG
RPRNMLTKLHKFFBK78CA,古褐q,139.93,常カG
RPRNMLTKLHKFFBK78CA,古褐q,18.62,常カG
RPSNMLTKLHKFFBK88CA,j|q,2511.00,D常カGsYaO|跋 ; D常カswGAノa
RPXNMLTKLHKFFBK76CA,~Hq,13.45,常カG
RPXNMLTKLHKFFBK76CA,~Hq,1.06,常カG
RPPNMLPKMHKFFAK18CA,j痕q,848.93,D常カGsYaO|跋 ; D常カswGAノa
RPPNMLPKMHKFFAK18CA,j痕q,956.09,D常カGsYaO|跋 ; D常カswGAノa
RPWNMLOLLHKFFBK88CA,秤Qq,79.00,常カG
RPWNMLOLLHKFFBK88CA,秤Qq,3.31,常カG
RPWNMLOLLHKFFBK88CA,秤Qq,5.00,常カG
RPOOMLOLLHKFFBK18CA,秤Qq,79.00,常カG
RPOOMLOLLHKFFBK18CA,秤Qq,3.31,常カG
RPOOMLOLLHKFFBK18CA,秤Qq,5.00,常カG
RPQNMLTKLHKFFAK58CA,s打q,115.85,常カG
RPQNMLLKMHKFFAK87CA,n~衄q,10696.00,D常カGsYaO|跋 ; D常カswGAノa
RPTNMLPLLHKFFBK68CA,秤Qq,77.00,常カG
RPTNMLPLLHKFFBK68CA,秤Qq,5.36,常カG
RPTNMLPLLHKFFBK68CA,秤Qq,2.50,常カG
RPUNMLPLLHKFFBK78CA,秤Qq,77.00,常カG
RPUNMLPLLHKFFBK78CA,秤Qq,3.31,常カG
RPUNMLPLLHKFFBK78CA,秤Qq,5.00,常カG
RPWNMLPLLHKFFBK98CA,秤Qq,105.00,常カG
RPWNMLPLLHKFFBK98CA,秤Qq,3.31,常カG
RPWNMLPLLHKFFBK98CA,秤Qq,5.00,常カG
RPOOMLPLLHKFFBK28CA,秤Qq,76.00,常カG
RPOOMLPLLHKFFBK28CA,秤Qq,8.79,常カG
RPQOMLPLLHKFFBK48CA,秤Qq,81.00,常カG
RPQOMLPLLHKFFBK48CA,秤Qq,4.39,常カG
RPSOMLPLLHKFFBK68CA,秤Qq,113.00,常カG
RPSOMLPLLHKFFBK68CA,秤Qq,19.00,常カG
RPSOMLPLLHKFFBK68CA,秤Qq,8.79,常カG
RPSNMLQLLHKFFBK68CA,ゅtq,85.48,常カG
RPWOMLPLLHKFFBK09CA,く订q,408.00,D常カGsYaO|跋 ; D常カswGAノa
RPXOMLPLLHKFFBK56CA,く订q,314.25,常カGㄤL
RPXOMLPLLHKFFBK56CA,く订q,14.62,常カGㄤL
RPXOMLPLLHKFFBK56CA,く订q,4.88,常カGA
RPXOMLPLLHKFFBK56CA,く订q,1.88,常カGㄤL
RPXOMLPLLHKFFBK56CA,く订q,84.50,常カGA
RPXOMLPLLHKFFBK56CA,く订q,133.12,常カGㄤL
RPPNMLLJMHKFFBK77CA,褐q,30.27,常カGㄤL
RPPNMLTKLHKFFCK68CA,ず打璎q,115.14,D常カGm跋 ; D常カswGA贺乜vノa
RPRNMLSKLHKFFDK88CA,sT郴q,75.58,D常カG@牍A~跋 ; D常カswGヒ贺乜vノa
RPVNMLTKLHKFFDK76CA,λnqGpq,118.00,常カG
RPWNMLTKLHKFFDK86CA,λnqGpq,42.00,常カG
RPQOMLKLLHKFFDK18CA,Q]eqslWpq,495.00,常カGA
RPWNMLKLLHKFFDK68CA,ssq,2.11,常カG
RPWNMLKLLHKFFDK68CA,ssq,84.59,常カG
RPPNMLTKLHKFFEK88CA,tq,2357.42,D常カGSwA~跋 ; D常カswGAノa
RPXNMLSJMHKFFDK86CA,s|q,31.43,D常カGsYaO|跋 ; D常カswGB贺乜vノa
RPWNMLKLMHKFFDK78CA,sネq,55.27,常カG
RPWNMLKLMHKFFDK78CA,sネq,7.57,常カG
RPWNMLKLMHKFFDK78CA,sネq,10.73,常カG
RPWNMLKLMHKFFDK78CA,sネq,.58,常カG
RPPNMLNJMHKFFEK28CA,蛮s兼q,6585.75,D常カGsYaO|跋 ; D常カswGL~ノa
RPPNMLNJMHKFFEK28CA,蛮s兼q,1567.50,D常カGsYaO|跋 ; D常カswGL~ノa
RPPNMLNJMHKFFEK28CA,蛮s兼q,24305.25,D常カGsYaO|跋 ; D常カswGAノa
RPQNMLKLLHKFFFK28CA,バЮq,504.00,D常カGsYaO|跋 ; D常カswGL~ノa
RPQNMLTKLHKFFFK09CA,ゅてq,105.36,常カG
RPTNMLKLLHKFFFK58CA,バdq@pq,23.00,常カG
RPVNMLKLLHKFFFK78CA,い地q,92.54,常カG
RPRNMLNLLHKFFFK68CA,孪绗q┚Уpq,46.50,常カG
RPRNMLNLLHKFFFK68CA,孪绗q┚Уpq,46.50,常カG
RPSNMLNLLHKFFFK78CA,wqq,22.30,常カG
RPSNMLNLLHKFFFK78CA,wqq,52.02,常カG
RPUNMLNLLHKFFFK98CA,ゅてq,25.15,常カG
RPQNMLOLLHKFFFK68CA,ysUq,209.50,D常カGsYaO|跋 ; D常カswGAノa
RPRNMLOLLHKFFFK78CA,ysUq,327.38,D常カGsYaO|跋 ; D常カswGAノa
RPSNMLRLLHKFFFK56CA,舴浆q,19.01,D常カGsYaO|跋 ; D常カswGL~ノa
RPSNMLRLLHKFFFK56CA,舴浆q,2.73,D常カGsYaO|跋 ; D常カswGAノa
RPSNMLRLLHKFFFK56CA,舴浆q,26.28,D常カGsYaO|跋 ; D常カswGL~ノa
RPSNMLRLLHKFFFK56CA,舴浆q,17.39,D常カGsYaO|跋 ; D常カswGL~ノa
RPSNMLRLLHKFFFK56CA,舴浆q,36.77,D常カGsYaO|跋 ; D常カswGL~ノa
RPSNMLRLLHKFFFK56CA,舴浆q,511.45,D常カGsYaO|跋 ; D常カswGL~ノa
RPSNMLRLLHKFFFK56CA,舴浆q,16.91,D常カGsYaO|跋 ; D常カswGL~ノa
RPUNMLTKLHKFFDK76DA,λnq@pq,74.00,常カG
RPSNMLKKMHKFFFK48CA,ゆ传Wqs地pq,11.40,常カGA
RPTNMLKKMHKFFFK58CA,ゆ传Wqs地pq,37.00,常カGA
RPTNMLKKMHKFFFK58CA,ゆ传Wqs地pq,38.00,常カGA
RPUNMLKKMHKFFFK68CA,ゆ传Wqs地pq,194.00,常カGA
RPUNMLKKMHKFFFK68CA,ゆ传Wqs地pq,57.00,常カGA
RPUNMLKKMHKFFFK68CA,ゆ传Wqs地pq,12.00,常カGA
RPUNMLKKMHKFFFK68CA,ゆ传Wqs地pq,6.00,常カGA
RPVNMLKKMHKFFFK78CA,ゆ传Wqs地pq,57.00,常カGA
RPVNMLKKMHKFFFK78CA,ゆ传Wqs地pq,6.00,常カGA
RPVNMLKKMHKFFFK78CA,ゆ传Wqs地pq,16.00,常カGA
RPVNMLKKMHKFFFK78CA,ゆ传Wqs地pq,214.00,常カGA
RPVNMLKKMHKFFFK78CA,ゆ传Wqs地pq,3.00,常カGA
RPWNMLKKMHKFFFK88CA,ゆ传Wqs地pq,22.80,常カGA
RPWNMLKKMHKFFFK88CA,ゆ传Wqs地pq,43.00,常カGA
RPXNMLKKMHKFFFK98CA,ゆ传Wqs地pq,199.50,常カGA
RPOOMLKKMHKFFFK18CA,ゆ传Wqs地pq,150.00,常カGA
RPOOMLKKMHKFFFK18CA,ゆ传Wqs地pq,186.00,常カGA
RPOOMLKKMHKFFFK18CA,ゆ传Wqs地pq,8.00,常カGA
RPOOMLKKMHKFFFK18CA,ゆ传Wqs地pq,18.00,常カGA
RPOOMLKKMHKFFFK18CA,ゆ传Wqs地pq,32.00,常カGA
RPOOMLKKMHKFFFK18CA,ゆ传Wqs地pq,141.00,常カGA
RPPNMLKMLHKFFFK28CA,簧r伴qj簧r伴pq,4118.00,D常カGsYaO|跋 ; D常カswGAノa
RPPOMLTJMHKFFFK09CA,s砍q,615.90,D常カGet跋 ; D常カswGAノa
RPQOMLTJMHKFFFK56CA,s砍q,4893.61,D常カGSwA~跋 ; D常カswGAノa
RPQOMLTJMHKFFFK56CA,s砍q,135.31,D常カGSwA~跋 ; D常カswGAノa
RPPNMLNLLHKFFFK48CA,くRq,176.00,常カGu
RPPNMLNLLHKFFFK48CA,くRq,.48,常カGu
RPQNMLNLLHKFFFK58CA,くRq,.09,常カG
RPQNMLNLLHKFFFK58CA,くRq,3.49,常カG
RPQNMLNLLHKFFFK58CA,くRq,3.69,常カG
RPQNMLNLLHKFFFK58CA,くRq,22.06,常カG
RPQNMLNLLHKFFFK58CA,くRq,4.09,常カG
RPOOMLNLLHKFFFK48CA,ysUq,2747.50,D常カGSwA~跋 ; D常カswGAノa
RPOOMLNLLHKFFFK48CA,ysUq,126.00,D常カGSwA~跋 ; D常カswGヒ贺乜vノa
RPWNMLKLLHKFFFK88CA,くRq,10.65,常カG
RPRNMLKLLHKFFFK38CA,W砍q,26.47,D常カGsYaO|跋 ; D常カswG贺乜vノa
RPPNMLLJNHKFFEK18CA,CQ鳜qいキpq,142.99,D常カGu~跋 ; D常カswGB贺乜vノa
RPPNMLLJNHKFFEK18CA,CQ鳜qいキpq,143.01,D常カGu~跋 ; D常カswGB贺乜vノa
RPPQMLKLLHKFFEK38CA,eq,901.01,常カGㄤL
RPQQMLKLLHKFFEK48CA,Teq,350.00,D常カGsYaO|跋 ; D常カswG贺乜vノa
RPPNMLOLLHKFFEK48CA,蔼Hq,2619.00,D常カGSwA~跋 ; D常カswGAノa
RPOOMLKLLHKFFDK97CA,ssq,2.11,常カG
RPOOMLKLLHKFFDK97CA,ssq,11.46,常カG
RPOOMLKLLHKFFDK97CA,ssq,90.85,常カG
RPVNMLNLLHKFFDK88CA,sネq,10.21,常カG坝
RPPNMLOLLHKFFDK38CA,くwq,37.82,常カG
RPPNMLOLLHKFFDK38CA,くwq,3.45,常カG
RPROMLKLLHKFFDK28CA,ssq,2.11,常カG
RPROMLKLLHKFFDK28CA,ssq,109.23,常カG
RPTOMLKLLHKFFDK48CA,ssq,2.11,常カG
RPTOMLKLLHKFFDK48CA,ssq,11.46,常カG
RPTOMLKLLHKFFDK48CA,ssq,85.00,常カG
RPTOMLKLLHKFFDK48CA,ssq,17.48,常カG
RPTOMLKLLHKFFDK48CA,ssq,6.63,常カG
RPTOMLKLLHKFFDK48CA,ssq,8.14,常カG
RPVOMLKLLHKFFDK68CA,ssq,2.11,常カG
RPVOMLKLLHKFFDK68CA,ssq,11.46,常カG
RPVOMLKLLHKFFDK68CA,ssq,85.04,常カG
RPVOMLKLLHKFFDK68CA,ssq,21.35,常カG
RPVOMLKLLHKFFDK68CA,ssq,6.63,常カG
RPVOMLKLLHKFFDK68CA,ssq,8.14,常カG
RPVNMLKLLHKFFDK58CA,ssq,2.11,常カG
RPVNMLKLLHKFFDK58CA,ssq,85.67,常カG
RPVNMLKLLHKFFDK58CA,ssq,11.46,常カG
RPRNMLRLLHKFFCK78CA,窟滑q窟护pq,3300.00,D常カGSwA~跋 ; D常カswGAノa
RPSNMLLJMHKFFCK18CA,褐バq,81.89,常カG坝
RPSNMLLJMHKFFCK18CA,褐バq,81.89,常カG坝
RPQNMLKKMHKFFBK87CA,s，q,26.41,常カGu
RPQNMLKKMHKFFBK87CA,s，q,105.57,常カGu
RPQNMLKKMHKFFBK87CA,s，q,1.45,常カGu
RPRNMLKKMHKFFBK97CA,ゅsq,98.67,D常カGsYaO|跋 ; D常カswG贺乜vノa
RPWNMLRJMHKFFBK09CA,ゅtq,161.03,常カG
RPWNMLRJMHKFFBK09CA,ゅtq,8.13,常カG
RPWNMLRJMHKFFBK09CA,ゅtq,23.72,常カG
RPWNMLRJMHKFFBK09CA,ゅtq,.51,常カG
RPWNMLRJMHKFFBK09CA,ゅtq,.80,常カG
RPXNMLRJMHKFFBK56CA,ゅtq,100.90,常カG
RPXNMLRJMHKFFBK56CA,ゅtq,7.59,常カG
RPXNMLRJMHKFFBK56CA,ゅtq,23.72,常カG
RPXNMLRJMHKFFBK56CA,ゅtq,.51,常カG
RPXNMLRJMHKFFBK56CA,ゅtq,.80,常カG
RPOOMLQLLHKFFBK38CA,Xq|q,486.00,D常カGsYaO|跋 ; D常カswG贺乜vノa
RPOOMLQLLHKFFBK38CA,Xq|q,18524.00,D常カGsYaO|跋 ; D常カswGAノa
RPOOMLQLLHKFFBK38CA,Xq|q,364.00,D常カGsYaO|跋 ; D常カswGAノa
RPSNMLOLLHKFFAK38CA,伦バq,367.26,D常カGm跋 ; D常カswGA贺乜vノa
RPPNMLPLLHKFFAK18CA,裟醅q,4732.00,D常カGsYaO|跋 ; D常カswGAノa
RPPNMLPLLHKFFAK18CA,裟醅q,1929.00,D常カGsYaO|跋 ; D常カswGAノa
RPPNMLPLLHKFFAK18CA,裟醅q,1054.00,D常カGsYaO|跋 ; D常カswGAノa
RPPNMLPLLHKFFAK18CA,裟醅q,1009.00,D常カGsYaO|跋 ; D常カswGAノa
RPPNMLPLLHKFFAK18CA,裟醅q,400.00,D常カGsYaO|跋 ; D常カswGAノa
RPPNMLPLLHKFFAK18CA,裟醅q,1066.00,D常カGsYaO|跋 ; D常カswGAノa
RPPNMLPLLHKFFAK18CA,裟醅q,1009.00,D常カGsYaO|跋 ; D常カswGAノa
RPPNMLPLLHKFFAK18CA,裟醅q,1026.00,D常カGsYaO|跋 ; D常カswGAノa
RPPNMLPLLHKFFAK18CA,裟醅q,1036.00,D常カGsYaO|跋 ; D常カswGAノa
RPPNMLPLLHKFFAK18CA,裟醅q,2386.00,D常カGsYaO|跋 ; D常カswGAノa
RPPNMLMJMHKFFAK77CA,jWLq,1205.00,D常カGsYaO|跋 ; D常カswGAノa
RPQNMLOKMHKFFAK18CA,粪兼qM砍pq,63.00,D常カGsYaO|跋 ; D常カswG贺乜vノa
RPUNMLKLLHKFFBK28CA,~Hq,119.00,D常カGm跋 ; D常カswGA贺乜vノa
RPQNMLNLLHKFFBK18CA,n墩|qWn墩|pq,9809.00,D常カGsYaO|跋 ; D常カswG贺乜vノa
RPQNMLNLLHKFFBK18CA,n墩|qWn墩|pq,36.00,D常カGsYaO|跋 ; D常カswG贺乜vノa
RPQNMLNLLHKFFBK18CA,n墩|qWn墩|pq,36.00,D常カGsYaO|跋 ; D常カswG贺乜vノa
RPPNMLPLLHKFFBK28CA,褐膀q,664.00,D常カGSwA~跋 ; D常カswGAノa
RPRNMLNLLHKFFAK18CA,W绍q,2018.12,常カGA
RPSNMLRLLHKFFAK68CA,K訾Oq,3332.00,D常カGsYaO|跋 ; D常カswGL~ノa
RPSNMLRLLHKFFAK68CA,K訾Oq,321.00,D常カGsYaO|跋 ; D常カswGL~ノa
RPSNMLRLLHKFFAK68CA,K訾Oq,1025.50,D常カGsYaO|跋 ; D常カswGL~ノa
RPSNMLRLLHKFFAK68CA,K訾Oq,30.00,D常カGsYaO|跋 ; D常カswGL~ノa
RPSNMLRLLHKFFAK68CA,K訾Oq,167.00,D常カGsYaO|跋 ; D常カswGL~ノa
RPPNMLNKMHKFFAK97CA,宾堕q,8850.00,D常カGsYaO|跋 ; D常カswGL~ノa
RPRNMLNKMHKFFAK18CA,I砍q,108.47,常カG
RPRNMLNKMHKFFAK18CA,I砍q,12.15,常カG
RPUNMLRLLHKFFAK88CA,KàLq,853.00,D常カGsYaO|跋 ; D常カswGL~ノa
RPOOMLRJMHKFFBK38CA,ゅtq,108.09,常カG
RPOOMLRJMHKFFBK38CA,ゅtq,.36,常カG
RPOOMLRJMHKFFBK38CA,ゅtq,23.72,常カG
RPOOMLRJMHKFFBK38CA,ゅtq,.51,常カG
RPOOMLRJMHKFFBK38CA,ゅtq,.80,常カG
RPROMLRJMHKFFBK68CA,ゅtq,108.41,常カG
RPROMLRJMHKFFBK68CA,ゅtq,23.72,常カG
RPROMLRJMHKFFBK68CA,ゅtq,.51,常カG
RPROMLRJMHKFFBK68CA,ゅtq,.80,常カG
RPTOMLRJMHKFFBK88CA,ゅtq,108.24,常カG
RPTOMLRJMHKFFBK88CA,ゅtq,23.72,常カG
RPTOMLRJMHKFFBK88CA,ゅtq,.51,常カG
RPTOMLRJMHKFFBK88CA,ゅtq,.80,常カG
RPUOMLRJMHKFFBK98CA,ゅtq,107.09,常カG
RPUOMLRJMHKFFBK98CA,ゅtq,23.72,常カG
RPUOMLRJMHKFFBK98CA,ゅtq,.51,常カG
RPUOMLRJMHKFFBK98CA,ゅtq,.80,常カG
RPVOMLRJMHKFFBK09CA,ゅtq,105.70,常カG
RPVOMLRJMHKFFBK09CA,ゅtq,23.72,常カG
RPVOMLRJMHKFFBK09CA,ゅtq,.51,常カG
RPVOMLRJMHKFFBK09CA,ゅtq,.80,常カG
RPVNMLLMLHKFFBK58CA,ysq,2279.00,D常カGSwA~跋 ; D常カswGAノa
RPRNMLPLLHKFFCK58CA,q璎q,76.12,常カG
RPTNMLRLLHKFFCK98CA,jW郴q,7205.00,D常カGsYaO|跋 ; D常カswGAノa
RPPNMLTJMHKFFBK58CA,シqq,19.36,常カG
RPXOMLKLLHKFFDK88CA,fqfpq,1991.00,D常カGSwA~跋 ; D常カswGAノa
RPRNMLNLLHKFFDK48CA,郴飕q,93.67,常カG
RPSOMLOLLHKFFDK78CA,s翠q毡H耘pq,112.00,常カGA
RPTOMLLMLHKFFDK68CA,Hゅ打q,15.76,D常カGsYaO|跋 ; D常カswG贺乜vノa
RPVNMLNLLHKFFFK09CA,脔打q,106.98,D常カGsYaO|跋 ; D常カswG贺乜vノa
RPWNMLNLLHKFFFK56CA,チ壁q,31.17,常カG
RPPOMLNLLHKFFFK58CA,ッMsq,133.95,D常カGsYaO|跋 ; D常カswGAノa
RPVNMLOLLHKFFFK56CA,孪绗q┚Уpq,168.00,常カG
RPRNMLRLLHKFFFK09CA,蠖楝q,102.15,常カG
RPXNMLPLLHKFFFK86CA,いァq,25.55,常カG
RPRNMLPLLHKFFFK88CA,孪绗q┚Уpq,29.02,常カG
RPSNMLPLLHKFFFK98CA,孪绗q┚Уpq,25.28,常カG
RPTNMLPLLHKFFFK09CA,孪绗q┚Уpq,29.70,常カG
RPUNMLPLLHKFFFK56CA,孪绗q┚Уpq,25.28,常カG
RPQNMLKKMHKFFFK28CA,い地q,92.54,常カG
RPOOMLRJMHKFFFK78CA,TWq,233.00,D常カGsYaO|跋 ; D常カswGAノa
RPOOMLRJMHKFFFK78CA,TWq,262.00,D常カGsYaO|跋 ; D常カswG臾Qノa
RPOOMLRJMHKFFFK78CA,TWq,554.80,D常カGsYaO|跋 ; D常カswG臾Qノa
RPOOMLRJMHKFFFK78CA,TWq,946.00,D常カGsYaO|跋 ; D常カswGAノa
RPOOMLRJMHKFFFK78CA,TWq,306.00,D常カGsYaO|跋 ; D常カswGAノa
RPRNMLTJMHKFFFK56CA,孪绗q┚Уpq,29.70,常カG
RPTNMLTJMHKFFFK76CA,孪绗q┚Уpq,29.70,常カG
RPPNMLOLLHKFFAK18DA,]伦q,1519.30,D常カGSwA~跋 ; D常カswGAノa
RPPNMLOLLHKFFBK28DA,きé，q,68.00,常カGA
RPQNMLOLLHKFFDK58DA,s砍q,34.98,D常カGm跋 ; D常カswGA贺乜vノa
RPQNMLOLLHKFFDK58DA,s砍q,8.12,D常カGm跋 ; D常カswGA贺乜vノa
RPRNMLOLLHKFFDK68DA,s砍q,65.54,D常カGm跋 ; D常カswGA贺乜vノa
RPSNMLOLLHKFFDK78DA,s砍q,44.55,D常カGm跋 ; D常カswGA贺乜vノa
RPTNMLSJMHKFFFK76DA,バdq@pq,36.29,常カG
RPTNMLSJMHKFFFK76DA,バdq@pq,.18,常カG
RPTNMLSJMHKFFFK76DA,バdq@pq,.12,常カG
RPTNMLSJMHKFFFK76DA,バdq@pq,12.82,常カG
RPTNMLSJMHKFFFK76DA,バdq@pq,.06,常カG
RPTNMLSJMHKFFFK76DA,バdq@pq,.04,常カG
RPQNMLRKMHKFFFK09DA,Y鳜qTpq,6.45,常カG
RPUNMLNLLHKFFDK88DA,ミFq,125.26,常カG
RPXNMLLJMHKFFFK09DA,Y鳜q@pq,42.44,常カG
RPPNMLOKMHKFFEK58DA,绰Fq,40.28,常カGA
RPWNMLMKNHKFFFK56CA,いァq,22.56,常カG
RPWNMLMKNHKFFFK56CA,いァq,.54,常カG
RPVNMLPLLHKFFFK66CA,孪绗q嵘埭pq,28.81,常カG
RPWNMLPLLHKFFFK76CA,孪绗q嵘埭pq,28.81,常カG
RPWNMLOLLHKFFFK66CA,wqq,109.26,常カG
RPTNMLOLLHKFFFK98CA,ッMsq,2.06,D常カGsYaO|跋 ; D常カswGAノa
RPTNMLOLLHKFFFK98CA,ッMsq,13.35,D常カGsYaO|跋 ; D常カswGAノa
RPTNMLOLLHKFFFK98CA,ッMsq,117.11,D常カGsYaO|跋 ; D常カswGAノa
RPPNMLOLLHKFFFK58CA,勾到q,766.79,D常カGm跋 ; D常カswGA贺乜vノa
RPPNMLOLLHKFFFK58CA,勾到q,93.95,D常カG ; D常カswG
RPPNMLOLLHKFFFK58CA,勾到q,105.30,D常カG ; D常カswG
RPPNMLOLLHKFFFK58CA,勾到q,119.41,D常カG ; D常カswG
RPPNMLOLLHKFFFK58CA,勾到q,110.63,D常カG ; D常カswG
RPPNMLOLLHKFFFK58CA,勾到q,116.89,D常カG ; D常カswG
RPPNMLOLLHKFFFK58CA,勾到q,125.01,D常カG ; D常カswG
RPPNMLOLLHKFFFK58CA,勾到q,112.88,D常カG ; D常カswG
RPPNMLOLLHKFFFK58CA,勾到q,102.31,D常カG ; D常カswG
RPPNMLOLLHKFFFK58CA,勾到q,101.73,D常カG ; D常カswG
RPPNMLOLLHKFFFK58CA,勾到q,103.13,D常カG ; D常カswG
RPPNMLOLLHKFFFK58CA,勾到q,106.71,D常カG ; D常カswG
RPPNMLOLLHKFFFK58CA,勾到q,104.59,D常カG ; D常カswG
RPPNMLOLLHKFFFK58CA,勾到q,99.04,D常カG ; D常カswG
RPPNMLOLLHKFFFK58CA,勾到q,104.47,D常カG ; D常カswG
RPPNMLOLLHKFFFK58CA,勾到q,129.15,D常カG ; D常カswG
RPPNMLOLLHKFFFK58CA,勾到q,101.72,D常カG ; D常カswG
RPPNMLOLLHKFFFK58CA,勾到q,100.42,D常カG ; D常カswG
RPPNMLOLLHKFFFK58CA,勾到q,91.55,D常カG ; D常カswG
RPPNMLOLLHKFFFK58CA,勾到q,96.96,D常カG ; D常カswG
RPPNMLOLLHKFFFK58CA,勾到q,103.34,D常カG ; D常カswG
RPPNMLOLLHKFFFK58CA,勾到q,106.91,D常カG ; D常カswG
RPPNMLOLLHKFFFK58CA,勾到q,109.61,D常カG ; D常カswG
RPPNMLOLLHKFFFK58CA,勾到q,104.06,D常カG ; D常カswG
RPPNMLOLLHKFFFK58CA,勾到q,119.63,D常カG ; D常カswG
RPPNMLOLLHKFFFK58CA,勾到q,178.34,D常カG ; D常カswG
RPPNMLOLLHKFFFK58CA,勾到q,122.78,D常カG ; D常カswG
RPPNMLOLLHKFFFK58CA,勾到q,108.66,D常カG ; D常カswG
RPPNMLOLLHKFFFK58CA,勾到q,108.10,D常カG ; D常カswG
RPPNMLOLLHKFFFK58CA,勾到q,107.81,D常カG ; D常カswG
RPPNMLOLLHKFFFK58CA,勾到q,107.30,D常カG ; D常カswG
RPPNMLOLLHKFFFK58CA,勾到q,107.57,D常カG ; D常カswG
RPPNMLOLLHKFFFK58CA,勾到q,127.77,D常カG ; D常カswG
RPQOMLKLMHKFFDK28CA,い砍qい砍pq,8.95,常カG
RPPNMLPLLHKFFEK58CA,蛮s兼q,131.00,D常カGsYaO|跋 ; D常カswG贺乜vノa
RPTNMLMLMHKFFCK58CA,Q堙|q,1040.19,D常カGsYaO|跋 ; D常カswGAノa
RPTNMLMLMHKFFCK58CA,Q堙|q,1280.57,D常カGsYaO|跋 ; D常カswGAノa
RPTNMLMLMHKFFCK58CA,Q堙|q,2074.10,D常カGsYaO|跋 ; D常カswGAノa
RPTNMLMLMHKFFCK58CA,Q堙|q,188.38,D常カGsYaO|跋 ; D常カswG既ゼsw
RPTNMLMLMHKFFCK58CA,Q堙|q,133.14,D常カGsYaO|跋 ; D常カswGAノa
RPTNMLMLMHKFFCK58CA,Q堙|q,322.48,D常カGsYaO|跋 ; D常カswGAノa
RPTNMLMLMHKFFCK58CA,Q堙|q,68.43,D常カGsYaO|跋 ; D常カswG贺乜vノa
RPTNMLMLMHKFFCK58CA,Q堙|q,39.81,D常カGsYaO|跋 ; D常カswGAノa
RPTNMLMLMHKFFCK58CA,Q堙|q,1798.86,D常カGsYaO|跋 ; D常カswGAノa
RPTNMLMLMHKFFCK58CA,Q堙|q,88.76,D常カGsYaO|跋 ; D常カswGAノa
RPTNMLMLMHKFFCK58CA,Q堙|q,658.86,D常カGsYaO|跋 ; D常カswGAノa
RPTNMLMLMHKFFCK58CA,Q堙|q,1067.62,D常カGsYaO|跋 ; D常カswGAノa
RPTNMLMLMHKFFCK58CA,Q堙|q,1454.67,D常カGsYaO|跋 ; D常カswGAノa
RPTNMLMLMHKFFCK58CA,Q堙|q,3410.10,D常カGsYaO|跋 ; D常カswGAノa
RPTNMLMLMHKFFCK58CA,Q堙|q,69.33,D常カGsYaO|跋 ; D常カswGAノa
RPTNMLMLMHKFFCK58CA,Q堙|q,32.38,D常カGsYaO|跋 ; D常カswG既ゼsw
RPTNMLMLMHKFFCK58CA,Q堙|q,71.05,D常カGsYaO|跋 ; D常カswGAノa
RPTNMLMLMHKFFCK58CA,Q堙|q,49.90,D常カGsYaO|跋 ; D常カswGAノa
RPTNMLMLMHKFFCK58CA,Q堙|q,62.86,D常カGsYaO|跋 ; D常カswGAノa
RPROMLOLLHKFFDK68CA,s慈q,335.03,常カG
RPRNMLSJMHKFFCK78CA,きnq,1276.55,D常カGsYaO|跋 ; D常カswGAノa
RPSNMLSJMHKFFCK88CA,きnq,2553.10,D常カGsYaO|跋 ; D常カswGAノa
RPTNMLSJMHKFFCK98CA,きnq,4865.86,D常カGsYaO|跋 ; D常カswGAノa
RPVOMLSJMHKFFBK56CA,ゅtq,23.72,常カG
RPVOMLSJMHKFFBK56CA,ゅtq,.51,常カG
RPVOMLSJMHKFFBK56CA,ゅtq,.80,常カG
RPVOMLSJMHKFFBK56CA,ゅtq,102.19,常カG
RPVOMLSJMHKFFBK56CA,ゅtq,7.59,常カG
RPPNMLRKMHKFFBK48CA,_eq,2627.00,D常カGsYaO|跋 ; D常カswGAノa
RPPNMLRKMHKFFBK48CA,_eq,166.01,D常カGsYaO|跋 ; D常カswGAノa
RPPPMLRJMHKFFBK58CA,ゅtq,23.72,常カG
RPPPMLRJMHKFFBK58CA,ゅtq,.51,常カG
RPPPMLRJMHKFFBK58CA,ゅtq,.80,常カG
RPPPMLRJMHKFFBK58CA,ゅtq,193.48,常カG
RPPPMLRJMHKFFBK58CA,ゅtq,8.69,常カG
RPXOMLRJMHKFFBK66CA,ゅtq,117.64,常カG
RPXOMLRJMHKFFBK66CA,ゅtq,23.72,常カG
RPXOMLRJMHKFFBK66CA,ゅtq,.51,常カG
RPXOMLRJMHKFFBK66CA,ゅtq,.80,常カG
RPPNMLLKMHKFFBK87CA,ゅtq,23.72,常カG
RPPNMLLKMHKFFBK87CA,ゅtq,.51,常カG
RPPNMLLKMHKFFBK87CA,ゅtq,.80,常カG
RPPNMLLKMHKFFBK87CA,ゅtq,105.59,常カG
RPQNMLLKMHKFFBK97CA,ゅtq,23.72,常カG
RPQNMLLKMHKFFBK97CA,ゅtq,.51,常カG
RPQNMLLKMHKFFBK97CA,ゅtq,.80,常カG
RPQNMLLKMHKFFBK97CA,ゅtq,104.05,常カG
RPWNMLLJMHKFFBK48CA,きé，q,176.00,常カGA
RPPNMLRLLHKFFBK48CA,]攥q,49.89,D常カGsYaO|跋 ; D常カswG贺乜vノa
RPPNMLRLLHKFFBK48CA,]攥q,4.56,D常カGsYaO|跋 ; D常カswG贺乜vノa
RPPNMLRLLHKFFBK48CA,]攥q,2.16,D常カGsYaO|跋 ; D常カswG贺乜vノa
RPPNMLRLLHKFFBK48CA,]攥q,1.63,D常カGsYaO|跋 ; D常カswG贺乜vノa
RPPNMLRLLHKFFBK48CA,]攥q,4.59,D常カGsYaO|跋 ; D常カswG贺乜vノa
RPPNMLRLLHKFFBK48CA,]攥q,1.07,D常カGsYaO|跋 ; D常カswG贺乜vノa
RPPNMLRLLHKFFBK48CA,]攥q,.94,D常カGsYaO|跋 ; D常カswG贺乜vノa
RPPNMLRLLHKFFBK48CA,]攥q,146.00,D常カGsYaO|跋 ; D常カswG贺乜vノa
RPPNMLRLLHKFFBK48CA,]攥q,2.92,D常カGsYaO|跋 ; D常カswG贺乜vノa
RPQNMLRLLHKFFBK58CA,]攥q,7.37,D常カGsYaO|跋 ; D常カswG贺乜vノa
RPQNMLRLLHKFFBK58CA,]攥q,80.59,D常カGsYaO|跋 ; D常カswG贺乜vノa
RPQNMLRLLHKFFBK58CA,]攥q,3.49,D常カGsYaO|跋 ; D常カswG贺乜vノa
RPQNMLRLLHKFFBK58CA,]攥q,2.64,D常カGsYaO|跋 ; D常カswG贺乜vノa
RPQNMLRLLHKFFBK58CA,]攥q,7.41,D常カGsYaO|跋 ; D常カswG贺乜vノa
RPQNMLRLLHKFFBK58CA,]攥q,1.72,D常カGsYaO|跋 ; D常カswG贺乜vノa
RPQNMLRLLHKFFBK58CA,]攥q,1.52,D常カGsYaO|跋 ; D常カswG贺乜vノa
RPQNMLRLLHKFFBK58CA,]攥q,4.71,D常カGsYaO|跋 ; D常カswG贺乜vノa
RPQNMLRLLHKFFBK58CA,]攥q,237.00,D常カGsYaO|跋 ; D常カswG贺乜vノa
RPSNMLRLLHKFFBK78CA,~Hq,1963.00,D常カGSwA~跋 ; D常カswGAノa
RPUNMLRLLHKFFBK98CA,蝴不q蝴不pq,165.00,D常カGSwA~跋 ; D常カswGAノa
RPVNMLRLLHKFFBK09CA,秤Qq,498.00,常カGA
RPQNMLPLLHKFFAK28CA,打q,32.06,常カG
RPQNMLPLLHKFFAK28CA,打q,12.82,常カG
RPQNMLPLLHKFFBK38CA,陈霍dq,600.00,常カGA
RPRNMLOLLHKFFBK38CA,]攥q,5.41,常カG
RPSNMLOLLHKFFBK48CA,]攥q,5.41,常カG
RPVNMLOLLHKFFBK78CA,]攥q,40.00,常カG
RPVNMLQLLHKFFBK98CA,ゅoq,173.50,常カG
RPUOMLPLLHKFFBK88CA,シqq,179.00,常カG
RPUOMLPLLHKFFBK88CA,シqq,5.00,常カG坝
RPPNMLSLLHKFFBK58CA,褐wq,20.11,常カG
RPPNMLSLLHKFFBK58CA,褐wq,1.07,常カG
RPRNMLLKMHKFFBK08CA,ゅtq,23.72,常カG
RPRNMLLKMHKFFBK08CA,ゅtq,.51,常カG
RPRNMLLKMHKFFBK08CA,ゅtq,.80,常カG
RPRNMLLKMHKFFBK08CA,ゅtq,107.44,常カG
RPSNMLLKMHKFFBK18CA,ゅtq,23.72,常カG
RPSNMLLKMHKFFBK18CA,ゅtq,.51,常カG
RPSNMLLKMHKFFBK18CA,ゅtq,.80,常カG
RPSNMLLKMHKFFBK18CA,ゅtq,103.67,常カG
RPTNMLLKMHKFFBK28CA,ゅtq,23.72,常カG
RPTNMLLKMHKFFBK28CA,ゅtq,.51,常カG
RPTNMLLKMHKFFBK28CA,ゅtq,.80,常カG
RPTNMLLKMHKFFBK28CA,ゅtq,99.98,常カG
RPUNMLLKMHKFFBK38CA,ゅtq,23.72,常カG
RPUNMLLKMHKFFBK38CA,ゅtq,.51,常カG
RPUNMLLKMHKFFBK38CA,ゅtq,.80,常カG
RPUNMLLKMHKFFBK38CA,ゅtq,146.23,常カG
RPVNMLLKMHKFFBK48CA,ゅtq,.51,常カG
RPVNMLLKMHKFFBK48CA,ゅtq,.80,常カG
RPVNMLLKMHKFFBK48CA,ゅtq,109.26,常カG
RPQNMLRKMHKFFBK58CA,_eq,2559.00,D常カGsYaO|跋 ; D常カswGAノa
RPQNMLRKMHKFFBK58CA,_eq,166.01,D常カGsYaO|跋 ; D常カswGAノa
RPTNMLQLLHKFFCK88CA,O@q,1207.03,D常カGm跋 ; D常カswGA贺乜vノa
RPXNMLLKMHKFFBK68CA,ゅtq,23.72,常カG
RPXNMLLKMHKFFBK68CA,ゅtq,.51,常カG
RPXNMLLKMHKFFBK68CA,ゅtq,.80,常カG
RPXNMLLKMHKFFBK68CA,ゅtq,107.04,常カG
RPUNMLLJMHKFFCK38CA,酯鞋q,569.00,D常カGSwA~跋 ; D常カswGヒ贺乜vノa
RPUNMLLJMHKFFCK38CA,酯鞋q,292.00,D常カGSwA~跋 ; D常カswGヒ贺乜vノa
RPPNMLRLLHKFFCK58CA,バdq,3134.00,D常カGSwA~跋 ; D常カswGAノa
RPWNMLQLLHKFFCK56CA,ず打qq,81.17,D常カG@牍A~跋 ; D常カswG贺乜vノa
RPWNMLQLLHKFFCK56CA,ず打qq,81.17,D常カG@牍A~跋 ; D常カswG贺乜vノa
RPVNMLPLLHKFFDK09CA,λ砍q,29.01,常カG
RPVNMLPLLHKFFDK09CA,λ砍q,6.18,常カG
RPXNMLPLLHKFFDK66CA,λ砍q,6.18,常カG
RPXNMLPLLHKFFDK66CA,λ砍q,29.01,常カG
RPOOMLPLLHKFFDK48CA,λ砍q,38.25,常カG
RPOOMLPLLHKFFDK48CA,λ砍q,4.20,常カG
RPPOMLPLLHKFFDK58CA,λ砍q,32.17,常カG
RPPOMLPLLHKFFDK58CA,λ砍q,7.74,常カG
RPQNMLQLLHKFFEK78CA,璞^q,2701.87,D常カGSwA~跋 ; D常カswGAノa
RPRNMLQLLHKFFEK88CA,蛮蟠颥q,557.00,D常カGsYaO|跋 ; D常カswGAノa
RPRNMLQLLHKFFEK88CA,蛮蟠颥q,166.00,D常カGsYaO|跋 ; D常カswGAノa
RPRNMLQLLHKFFEK88CA,蛮蟠颥q,127.00,D常カGsYaO|跋 ; D常カswGAノa
RPRNMLQLLHKFFEK88CA,蛮蟠颥q,705.00,D常カGsYaO|跋 ; D常カswGAノa
RPRNMLQLLHKFFEK88CA,蛮蟠颥q,165.00,D常カGsYaO|跋 ; D常カswGL~ノa
RPUNMLQLLHKFFEK56CA,瑗鞋vq,132.19,常カG
RPUNMLQLLHKFFEK56CA,绰锭q,3.10,常カG
RPQNMLNKMHKFFDK38CA,λnqTpq,24.04,常カG
RPRNMLMJMHKFFEK38CA,E打nq,292.01,D常カGSwA~跋 ; D常カswGAノa
RPPNMLLLMHKFFEK28CA,T打q,15.32,D常カGSwA~跋 ; D常カswGAノa
RPQNMLLLMHKFFEK38CA,T打q,15.32,D常カGSwA~跋 ; D常カswGAノa
RPQNMLSJMHKFFEK88CA,簧rq簧ru~跋pq,1759.00,D常カGu~跋 ; D常カswGB贺乜vノa
RPTNMLRLLHKFFFK66CA,舴浆q,9.50,D常カGsYaO|跋 ; D常カswGL~ノa
RPTNMLRLLHKFFFK66CA,舴浆q,1.36,D常カGsYaO|跋 ; D常カswGAノa
RPTNMLRLLHKFFFK66CA,舴浆q,13.13,D常カGsYaO|跋 ; D常カswGL~ノa
RPTNMLRLLHKFFFK66CA,舴浆q,16.48,D常カGsYaO|跋 ; D常カswGL~ノa
RPTNMLRLLHKFFFK66CA,舴浆q,390.80,D常カGsYaO|跋 ; D常カswGL~ノa
RPTNMLRLLHKFFFK66CA,舴浆q,8.47,D常カGsYaO|跋 ; D常カswGL~ノa
RPRNMLPKMHKFFEK78CA,蛮s兼q,294.00,D常カGsYaO|跋 ; D常カswGAノa
RPTNMLSJMHKFFDK09CA,s璎q,112.00,常カG
RPVNMLRJMHKFFDK56CA,瑷Tq,662.29,D常カGsYaO|跋 ; D常カswGAノa
RPPOMLLMLHKFFDK28CA,Tuq,23.00,D常カGu~跋 ; D常カswGB贺乜vノa
RPWOMLLMLHKFFDK98CA,ぱnq,19.23,常カG
RPQNMLKMLHKFFDK18CA,sネq,10.85,常カG
RPTNMLQLLHKFFDK98CA,λnqTpq,92.00,常カG
RPVNMLNLMHKFFBK78CA,]q,1459.01,常カGu
RPVNMLNLMHKFFBK78CA,]q,603.13,常カGu
RPQNMLOLMHKFFBK38CA,~Hq,12.72,常カG
RPWNMLLKMHKFFBK58CA,ゅtq,.51,常カG
RPWNMLLKMHKFFBK58CA,ゅtq,116.24,常カG
RPWNMLQLLHKFFBK09CA,ドMq,44.56,D常カGSwA~跋 ; D常カswGヒ贺乜vノa
RPRNMLRLLHKFFBK68CA,褐膀q,193.56,D常カGsYaO|跋 ; D常カswGAノa
RPRNMLRLLHKFFBK68CA,褐膀q,3164.00,D常カGsYaO|跋 ; D常カswGAノa
RPRNMLRLLHKFFBK68CA,褐膀q,11.50,D常カGsYaO|跋 ; D常カswGL~ノa
RPQNMLQLLHKFFAK38CA,n打q,108.00,D常カGsYaO|跋 ; D常カswGユqノa
RPQNMLQLLHKFFAK38CA,n打q,165.00,D常カGsYaO|跋 ; D常カswGユqノa
RPQNMLQLLHKFFAK38CA,n打q,1250.00,D常カGsYaO|跋 ; D常カswGL~ノa
RPQNMLQLLHKFFAK38CA,n打q,1250.00,D常カGsYaO|跋 ; D常カswGL~ノa
RPTNMLMJMHKFFAK18CA,工臾|q,3175.08,D常カGsYaO|跋 ; D常カswGAノa
RPQNMLKMLHKFFAK97DA,jWLq,129.33,D常カGsYaO|跋 ; D常カswGユqノa
RPQNMLKMLHKFFAK97DA,jWLq,30.67,D常カGsYaO|跋 ; D常カswGAノa
RPQNMLKMLHKFFAK97DA,jWLq,16.33,D常カGsYaO|跋 ; D常カswGAノa
RPUNMLRJMHKFFFK66CA,[惮q,18.90,D常カGsYaO|跋 ; D常カswGAノa
RPUNMLRJMHKFFFK66CA,[惮q,130.27,D常カGm跋 ; D常カswGA贺乜vノa
RPXNMLRJMHKFFFK96CA,ゆ坟q,24.48,D常カGsYaO|跋 ; D常カswG贺乜vノa
RPQNMLMJMHKFFFK38CA,F砍q,1093.50,D常カGsYaO|跋 ; D常カswGAノa
RPQNMLMJMHKFFFK38CA,F砍q,11013.00,D常カGsYaO|跋 ; D常カswGAノa
RPQNMLMJMHKFFFK38CA,F砍q,2290.50,D常カGsYaO|跋 ; D常カswGL~ノa
RPQNMLMJMHKFFFK38CA,F砍q,15154.00,D常カGsYaO|跋 ; D常カswGL~ノa
RPQNMLMJMHKFFFK38CA,F砍q,15.00,D常カGsYaO|跋 ; D常カswGユqノa
RPQNMLMJMHKFFFK38CA,F砍q,128.50,D常カGsYaO|跋 ; D常カswGユqノa
RPQNMLMJMHKFFFK38CA,F砍q,9.50,D常カGsYaO|跋 ; D常カswGユqノa
RPTNMLLMLHKFFFK78CA,F砍q,2510.00,D常カGsYaO|跋 ; D常カswGAノa
RPUNMLLMLHKFFFK88CA,F砍q,2510.00,D常カGsYaO|跋 ; D常カswGAノa
RPVNMLRLLHKFFAK09DA,j打q,801.00,D常カGsYaO|跋 ; D常カswGL~ノa
RPVNMLRLLHKFFAK09DA,j打q,1892.00,D常カGsYaO|跋 ; D常カswGL~ノa
RPPOMLPKMHKFFFK78CA,W砍q,31.24,D常カGsYaO|跋 ; D常カswG贺乜vノa
RPSNMLQLLHKFFEK09DA,ρ蔓订q,9772.00,D常カGsYaO|跋 ; D常カswGL~ノa
RPPNMLQJMHKFFAK18CA,裟醅q,1741.00,D常カGsYaO|跋 ; D常カswGAノa
RPPNMLQJMHKFFAK18CA,裟醅q,1586.00,D常カGsYaO|跋 ; D常カswGAノa
RPQNMLRLLHKFFAK48CA,λれq,196.97,D常カGsYaO|跋 ; D常カswGAノa
RPRNMLRLLHKFFAK58CA,j痕q,145.61,D常カGsYaO|跋 ; D常カswGAノa
RPTNMLRLLHKFFAK78CA,灿Düq,739.00,D常カG ; D常カswG
RPWNMLRLLHKFFBK56CA,ドMq,37.54,常カG
RPWNMLRLLHKFFBK56CA,ドMq,3.49,常カG
RPQNMLMJMHKFFBK97CA,シqq,1.51,常カGㄤL
RPQNMLMJMHKFFBK97CA,シqq,2.99,常カGㄤL
RPQNMLMJMHKFFBK97CA,シqq,1.65,常カG
RPSNMLOLMHKFFBK58CA,く订q,355.83,D常カG此L跋 ; D常カswGAノa
RPSNMLOLMHKFFBK58CA,く订q,105.00,D常カG此L跋 ; D常カswGAノa
RPUNMLQLLHKFFCK98CA,ずqq,52.04,D常カGsYaO|跋 ; D常カswGAノa
RPVNMLQLLHKFFCK09CA,侣垃q,2588.00,D常カGSwA~跋 ; D常カswGAノa
RPPOMLTJMHKFFBK68CA,く订q,7.50,常カGㄤL
RPPOMLTJMHKFFBK68CA,く订q,338.00,常カGA
RPPOMLTJMHKFFBK68CA,く订q,532.50,常カGㄤL
RPPOMLTJMHKFFBK68CA,く订q,1257.00,常カGㄤL
RPPOMLTJMHKFFBK68CA,く订q,58.50,常カGㄤL
RPPOMLTJMHKFFBK68CA,く订q,19.50,常カGA
RPPOMLQLLHKFFCK58CA,垃aq,946.81,D常カGSwA~跋 ; D常カswGAノa
RPTNMLLJMHKFFCK28CA,_墩痕q,368.67,D常カGsYaO|跋 ; D常カswG贺乜vノa
RPVNMLLJMHKFFCK48CA,_墩痕q,4956.50,D常カGsYaO|跋 ; D常カswGAノa
RPWNMLLJMHKFFCK58CA,_墩痕q,4042.50,D常カGsYaO|跋 ; D常カswGAノa
RPQNMLTJMHKFFCK78CA,jW郴q,451.00,D常カG@牍A~跋 ; D常カswGAノa
RPQNMLTJMHKFFCK78CA,jW郴q,2404.00,D常カG@牍A~跋 ; D常カswGAノa
RPRNMLKMLHKFFDK28CA,λ砍q,2.94,常カG
RPRNMLKMLHKFFDK28CA,い砍qい砍pq,82.00,常カG
RPVNMLRLLHKFFDK66CA,λ砍q,86.05,常カG
RPXNMLRLLHKFFDK86CA,λ砍q,86.05,常カG
RPTOMLRLLHKFFDK56CA,λ砍q,88.00,常カG
RPVOMLRLLHKFFDK76CA,λ砍q,107.42,常カG
RPVOMLRLLHKFFDK76CA,λ砍q,2.22,常カG
RPXOMLRLLHKFFDK96CA,λ砍q,87.59,常カG
RPXOMLRLLHKFFDK96CA,λ砍q,2.62,常カG
RPRPMLRLLHKFFDK09CA,い砍qい砍pq,93.00,常カG
RPRPMLRLLHKFFDK09CA,い砍qい砍pq,.32,常カG
RPPNMLTLLHKFFDK88CA,Wニq,6054.00,D常カGsYaO|跋 ; D常カswGAノa
RPWNMLKMLHKFFDK78CA,λnqTpq,24.56,常カG
RPPNMLLMLHKFFDK18CA,Wd}q,1083.00,D常カGSwA~跋 ; D常カswGAノa
RPQNMLLMLHKFFDK28CA,Wd}q,1083.00,D常カGSwA~跋 ; D常カswGAノa
RPTNMLLJMHKFFDK38CA,Q]eqslWpq,165.14,常カG
RPPNMLKMLHKFFEK18CA,Ty憩q,202.50,D常カGSwA~跋 ; D常カswGAノa
RPPNMLLJMHKFFEK08CA,继攫q,27.66,D常カGsYaO|跋 ; D常カswGAノa
RPPNMLLJMHKFFEK08CA,继攫q,27.66,D常カGsYaO|跋 ; D常カswGAノa
RPPNMLLJMHKFFEK08CA,继攫q,3.27,D常カGsYaO|跋 ; D常カswG贺乜vノa
RPPNMLLJMHKFFEK08CA,继攫q,3.27,D常カGsYaO|跋 ; D常カswG贺乜vノa
RPPNMLLJMHKFFEK08CA,继攫q,3.27,D常カGsYaO|跋 ; D常カswG贺乜vノa
RPPNMLLJMHKFFEK08CA,继攫q,3.27,D常カGsYaO|跋 ; D常カswG贺乜vノa
RPPNMLLJMHKFFEK08CA,继攫q,113.64,D常カGsYaO|跋 ; D常カswGAノa
RPPNMLLJMHKFFEK08CA,继攫q,113.64,D常カGsYaO|跋 ; D常カswGAノa
RPPNMLLJMHKFFEK08CA,继攫q,113.64,D常カGsYaO|跋 ; D常カswGAノa
RPPNMLLJMHKFFEK08CA,继攫q,113.64,D常カGsYaO|跋 ; D常カswGAノa
RPPNMLLJMHKFFEK08CA,继攫q,61.04,D常カGsYaO|跋 ; D常カswGAノa
RPPNMLLJMHKFFEK08CA,继攫q,61.04,D常カGsYaO|跋 ; D常カswGAノa
RPPNMLLJMHKFFEK08CA,继攫q,61.04,D常カGsYaO|跋 ; D常カswGAノa
RPPNMLLJMHKFFEK08CA,继攫q,61.04,D常カGsYaO|跋 ; D常カswGAノa
RPPNMLLJMHKFFEK08CA,继攫q,141.63,D常カGsYaO|跋 ; D常カswGAノa
RPPNMLLJMHKFFEK08CA,继攫q,141.63,D常カGsYaO|跋 ; D常カswGAノa
RPPNMLLJMHKFFEK08CA,继攫q,141.63,D常カGsYaO|跋 ; D常カswGAノa
RPPNMLLJMHKFFEK08CA,继攫q,141.63,D常カGsYaO|跋 ; D常カswGAノa
RPPNMLLJMHKFFEK08CA,继攫q,469.17,D常カGsYaO|跋 ; D常カswGAノa
RPPNMLLJMHKFFEK08CA,继攫q,469.17,D常カGsYaO|跋 ; D常カswGAノa
RPPNMLLJMHKFFEK08CA,继攫q,469.17,D常カGsYaO|跋 ; D常カswGAノa
RPPNMLLJMHKFFEK08CA,继攫q,469.17,D常カGsYaO|跋 ; D常カswGAノa
RPPNMLLJMHKFFEK08CA,继攫q,2.00,D常カGsYaO|跋 ; D常カswGAノa
RPPNMLLJMHKFFEK08CA,继攫q,2.00,D常カGsYaO|跋 ; D常カswGAノa
RPPNMLLJMHKFFEK08CA,继攫q,2.00,D常カGsYaO|跋 ; D常カswGAノa
RPPNMLLJMHKFFEK08CA,继攫q,2.00,D常カGsYaO|跋 ; D常カswGAノa
RPPNMLLJMHKFFEK08CA,继攫q,65.04,D常カGsYaO|跋 ; D常カswGAノa
RPPNMLLJMHKFFEK08CA,继攫q,65.04,D常カGsYaO|跋 ; D常カswGAノa
RPPNMLLJMHKFFEK08CA,继攫q,65.04,D常カGsYaO|跋 ; D常カswGAノa
RPPNMLLJMHKFFEK08CA,继攫q,65.04,D常カGsYaO|跋 ; D常カswGAノa
RPPNMLLJMHKFFEK08CA,继攫q,102.61,D常カGsYaO|跋 ; D常カswGAノa
RPPNMLLJMHKFFEK08CA,继攫q,102.61,D常カGsYaO|跋 ; D常カswGAノa
RPPNMLLJMHKFFEK08CA,继攫q,102.61,D常カGsYaO|跋 ; D常カswGAノa
RPPNMLLJMHKFFEK08CA,继攫q,102.61,D常カGsYaO|跋 ; D常カswGAノa
RPPNMLLJMHKFFEK08CA,继攫q,238.15,D常カGsYaO|跋 ; D常カswGAノa
RPPNMLLJMHKFFEK08CA,继攫q,238.15,D常カGsYaO|跋 ; D常カswGAノa
RPPNMLLJMHKFFEK08CA,继攫q,238.15,D常カGsYaO|跋 ; D常カswGAノa
RPPNMLLJMHKFFEK08CA,继攫q,238.15,D常カGsYaO|跋 ; D常カswGAノa
RPPNMLLJMHKFFEK08CA,继攫q,27.66,D常カGsYaO|跋 ; D常カswGAノa
RPPNMLLJMHKFFEK08CA,继攫q,27.66,D常カGsYaO|跋 ; D常カswGAノa
RPRNMLSJMHKFFEK98CA,Teq,1979.00,D常カGsYaO|跋 ; D常カswGAノa
RPQNMLNKMHKFFEK48CA,蛮蟠颥q,2909.00,D常カGsYaO|跋 ; D常カswGAノa
RPUNMLMJMHKFFEK68CA,绰璎q,206.41,D常カGSwA~跋 ; D常カswGAノa
RPUNMLMJMHKFFEK68CA,绰璎q,503.16,D常カGSwA~跋 ; D常カswGAノa
RPUNMLMJMHKFFEK68CA,绰璎q,2044.31,D常カGSwA~跋 ; D常カswGAノa
RPUNMLMJMHKFFEK68CA,绰璎q,305.21,D常カGSwA~跋 ; D常カswGAノa
RPUNMLMJMHKFFEK68CA,绰璎q,776.31,D常カGSwA~跋 ; D常カswGヒ贺乜vノa
RPUNMLMJMHKFFEK68CA,绰璎q,739.81,D常カGSwA~跋 ; D常カswGAノa
RPUNMLRLLHKFFFK76CA,簧r伴qj簧r伴pq,51.00,D常カGsYaO|跋 ; D常カswGAノa
RPUNMLRLLHKFFFK76CA,簧r伴qj簧r伴pq,73.00,D常カGsYaO|跋 ; D常カswGユqノa
RPUNMLRLLHKFFFK76CA,簧r伴qj簧r伴pq,337.00,D常カGsYaO|跋 ; D常カswGAノa
RPVNMLRLLHKFFFK86CA,Wいq,216.85,常カG
RPVNMLRLLHKFFFK86CA,Wいq,34.76,常カG
RPPNMLRLLHKFFFK88CA,Y鳜q|pq,7.33,常カG坝
RPQNMLRLLHKFFFK98CA,wqq,4.39,常カG
RPQNMLRLLHKFFFK98CA,wqq,2.78,常カG
RPUNMLKMLHKFFFK78CA,wqq,15.43,常カG
RPWNMLLMLHKFFFK09CA,Kwq,76.96,常カG
RPXNMLLMLHKFFFK56CA,Y鳜qGpq,21.15,常カG
RPQOMLMJMHKFFDK28CA,_伦打q,2.62,D常カGsYaO|跋 ; D常カswG贺乜vノa
RPQOMLMJMHKFFDK28CA,_伦打q,5.10,D常カGsYaO|跋 ; D常カswGユqノa
RPQOMLMJMHKFFDK28CA,_伦打q,134.42,D常カGsYaO|跋 ; D常カswG贺乜vノa
RPUNMLKKMHKFFDK48CA,js}q,2.25,D常カGSwA~跋 ; D常カswGユqノa
RPVNMLKKMHKFFDK58CA,js}q,2.25,D常カGSwA~跋 ; D常カswGユqノa
RPWNMLKKMHKFFDK68CA,js}q,10.12,D常カGSwA~跋 ; D常カswGユqノa
RPWNMLKKMHKFFDK68CA,js}q,13.88,D常カGSwA~跋 ; D常カswGユqノa
RPXNMLKKMHKFFDK78CA,js}q,2.25,D常カGSwA~跋 ; D常カswGユqノa
RPWNMLLMLHKFFDK88CA,い砍qい砍pq,10.88,常カG
RPXNMLLMLHKFFDK98CA,Hゅ打q,16.90,D常カGsYaO|跋 ; D常カswG贺乜vノa
RPOOMLLMLHKFFDK18CA,ぱnq,9.88,常カG
RPSNMLLJMHKFFDK28CA,s翠qH郴pq,1000.00,D常カGSwA~跋 ; D常カswGAノa
RPTNMLKMLHKFFDK48CA,FT郴q,1192.10,D常カGSwA~跋 ; D常カswGAノa
RPUNMLKMLHKFFDK58CA,FT郴q,706.39,D常カGSwA~跋 ; D常カswGAノa
RPVNMLKMLHKFFDK68CA,FT郴q,24.85,D常カGSwA~跋 ; D常カswGヒ贺乜vノa
RPVNMLKMLHKFFDK68CA,FT郴q,207.06,D常カGSwA~跋 ; D常カswGヒ贺乜vノa
RPVNMLKMLHKFFDK68CA,FT郴q,394.38,D常カGSwA~跋 ; D常カswGヒ贺乜vノa
RPOOMLLJMHKFFDK97CA,璞T郴q,40.24,D常カG@牍A~跋 ; D常カswGヒ贺乜vノa
RPRNMLOKMHKFFCK48CA,bFq,109.41,常カG坝
RPQNMLPKMHKFFCK48CA,バいq,58.67,D常カGSwA~跋 ; D常カswGヒ贺乜vノa
RPQNMLPKMHKFFCK48CA,バいq,184.67,D常カGSwA~跋 ; D常カswGヒ贺乜vノa
RPTNMLRLLHKFFDK09CA,くwq,258.11,常カGㄤL
RPXOMLSJMHKFFBK76CA,ゅtq,23.72,常カG
RPXOMLSJMHKFFBK76CA,ゅtq,.51,常カG
RPXOMLSJMHKFFBK76CA,ゅtq,.80,常カG
RPXOMLSJMHKFFBK76CA,ゅtq,107.13,常カG
RPXOMLSJMHKFFBK76CA,ゅtq,.36,常カG
RPPNMLQJMHKFFBK28CA,jWq,218.61,D常カGsYaO|跋 ; D常カswG贺乜vノa
RPSNMLLMLHKFFBK28CA,ysq,275.25,D常カGsYaO|跋 ; D常カswGAノa
RPUNMLLMLHKFFBK48CA,秤Qq,88.00,D常カGm跋 ; D常カswGA贺乜vノa
RPPNMLOLMHKFFBK38DA,]砍q,32.76,常カG
RPOOMLLMLHKFFFK48DA,r郴dq,11658.00,D常カGsYaO|跋 ; D常カswGL~ノa
RPPNMLLJMHKFFAK77DA,[空Gq,128.48,D常カGm跋 ; D常カswGA贺乜vノa
RPTNMLMLMHKFFBK58DA,褐膀q,238.00,D常カGsYaO|跋 ; D常カswGL~ノa
RPTNMLMLMHKFFBK58DA,褐膀q,725.00,D常カGsYaO|跋 ; D常カswGL~ノa
RPQNMLKMLHKFFFK38CA,s砍q,16.62,D常カGSwA~跋 ; D常カswGAノa
RPQNMLKMLHKFFFK38CA,s砍q,2.60,D常カGSwA~跋 ; D常カswGAノa
RPQNMLKMLHKFFFK38CA,s砍q,22.21,D常カGSwA~跋 ; D常カswGAノa
RPQNMLKMLHKFFFK38CA,s砍q,13.65,D常カGSwA~跋 ; D常カswGAノa
RPQNMLKMLHKFFFK38CA,s砍q,11.08,D常カGSwA~跋 ; D常カswGAノa
RPQNMLKMLHKFFFK38CA,s砍q,55.92,D常カGSwA~跋 ; D常カswGAノa
RPSNMLRJMHKFFFK09CA,Y鳜qGpq,40.00,常カG
RPSNMLRJMHKFFFK09CA,Y鳜qGpq,104.00,常カG
RPPNMLKKMHKFFFK18CA,チ壁q,118.83,常カGㄤL
RPPNMLKKMHKFFFK18CA,チ壁q,239.73,常カGㄤL
RPVNMLLMLHKFFFK98CA,Fチq,28.94,常カG
RPVNMLMJMHKFFFK88CA,Hqq,70.21,常カG
RPWOMLMLMHKFFBK98DA,_eq,1000.00,D常カGsYaO|跋 ; D常カswGL~ノa
RPQNMLLLMHKFFAK08DA,いàq,168.44,常カGㄤL
RPQNMLLLMHKFFAK08DA,いàq,106.54,常カGㄤL
RPQNMLLLMHKFFAK08DA,いàq,98.86,常カGㄤL
RPQNMLLLMHKFFAK08DA,いàq,109.09,常カGㄤL
RPQNMLLLMHKFFAK08DA,いàq,112.74,常カGㄤL
RPQNMLLLMHKFFAK08DA,いàq,172.67,常カGㄤL
RPQNMLLLMHKFFAK08DA,いàq,60.64,常カGㄤL
RPQNMLLLMHKFFAK08DA,いàq,13.77,常カGㄤL
RPQNMLLLMHKFFAK08DA,いàq,103.14,常カGㄤL
RPQNMLLLMHKFFAK08DA,いàq,104.52,常カGㄤL
RPQNMLLLMHKFFAK08DA,いàq,104.88,常カGㄤL
RPQNMLLLMHKFFAK08DA,いàq,89.80,常カGㄤL
RPQNMLLLMHKFFAK08DA,いàq,23.08,常カGㄤL
RPQNMLLLMHKFFAK08DA,いàq,9.87,常カGㄤL
RPQNMLLLMHKFFAK08DA,いàq,127.13,常カGㄤL
RPQNMLLLMHKFFAK08DA,いàq,127.60,常カGㄤL
RPQNMLLLMHKFFAK08DA,いàq,6.93,常カGㄤL
RPPNMLKMLHKFFAK87DA,粪兼qs┍pq,388.00,D常カGsYaO|跋 ; D常カswGAノa
RPPNMLKMLHKFFAK87DA,粪兼qs┍pq,34.00,D常カGsYaO|跋 ; D常カswGAノa
RPPNMLKMLHKFFAK87DA,粪兼qs┍pq,141.00,D常カGsYaO|跋 ; D常カswGAノa
RPPNMLKMLHKFFAK87DA,粪兼qs┍pq,41.00,D常カGsYaO|跋 ; D常カswGAノa
RPPNMLKMLHKFFAK87DA,粪兼qs┍pq,786.00,D常カGsYaO|跋 ; D常カswGAノa
RPPNMLKMLHKFFAK87DA,粪兼qs┍pq,2391.00,D常カGsYaO|跋 ; D常カswGAノa
RPPNMLRJMHKFFCK58DA,_宾q,70.55,D常カGsYaO|跋 ; D常カswG贺乜vノa
RPPNMLRJMHKFFCK58DA,_宾q,29.73,D常カGsYaO|跋 ; D常カswG贺乜vノa
RPPNMLRJMHKFFCK58DA,_宾q,29.76,D常カGsYaO|跋 ; D常カswG贺乜vノa
RPPNMLRJMHKFFCK58DA,_宾q,11.07,D常カGsYaO|跋 ; D常カswG贺乜vノa
RPSNMLMJMHKFFAK08CA,KàL,1000.00,D常カGsYaO|跋 ; D常カswGL~ノa
RPQNMLPJMHKFFBK28CA,n墩|qUn墩|pq,949.50,D常カGsYaO|跋 ; D常カswGAノa
RPOPMLRJMHKFFBK48CA,地Mq,221.36,常カG
RPPNMLMKMHKFFBK97CA,ホ佻q,2945.04,D常カGSwA~跋 ; D常カswGAノa
RPPNMLMKMHKFFBK97CA,ホ佻q,275.58,D常カGSwA~跋 ; D常カswGAノa
RPRNMLQKMHKFFCK68CA,屡バq,485.86,D常カGSwA~跋 ; D常カswGAノa
RPRNMLLMLHKFFCK28CA,垃aq,1830.22,D常カGSwA~跋 ; D常カswGAノa
RPQOMLLJMHKFFDK18CA,λ砍q,39.04,常カG
RPQOMLLJMHKFFDK18CA,い砍qい砍pq,12.07,常カG
RPTOMLLJMHKFFDK48CA,λ砍q,26.35,常カG
RPTOMLLJMHKFFDK48CA,い砍qい砍pq,8.15,常カG
RPVOMLLJMHKFFDK68CA,λ砍q,31.42,常カG
RPVOMLLJMHKFFDK68CA,い砍qい砍pq,9.72,常カG
RPOPMLLJMHKFFDK08CA,λ砍q,31.42,常カG
RPOPMLLJMHKFFDK08CA,い砍qい砍pq,9.72,常カG
RPRPMLLJMHKFFDK38CA,λ砍q,26.35,常カG
RPRPMLLJMHKFFDK38CA,い砍qい砍pq,8.15,常カG
RPPNMLNJMHKFFDK18CA,λ砍q,39.04,常カG
RPPNMLNJMHKFFDK18CA,い砍qい砍pq,12.07,常カG
RPSNMLLJMHKFFEK38CA,nダ|q,688.00,D常カG ; D常カswG
RPTNMLLJMHKFFEK48CA,nダ|q,1874.00,D常カGsYaO|跋 ; D常カswGAノa
RPOOMLLJMHKFFEK08CA,E打nq,3500.00,D常カGsYaO|跋 ; D常カswGAノa
RPPOMLLJMHKFFEK18CA,E打_q,2600.00,D常カGsYaO|跋 ; D常カswGAノa
RPQNMLKMLHKFFEK28CA,eq,10.84,常カGㄤL
RPQNMLKMLHKFFEK28CA,eq,256.45,常カGu
RPQNMLKMLHKFFEK28CA,eq,77.53,常カGu
RPPNMLLMLHKFFEK28CA,Ty憩q,2560.00,D常カGsYaO|跋 ; D常カswGAノa
RPPNMLLJMHKFFFK18CA,jWLq,885.00,D常カGsYaO|跋 ; D常カswGAノa
RPRNMLLJMHKFFFK38CA,|Wq,29.00,D常カGsYaO|跋 ; D常カswGAノa
RPRNMLLJMHKFFFK38CA,|Wq,1656.00,D常カG@牍A~跋 ; D常カswGAノa
RPRNMLLJMHKFFFK38CA,|Wq,1141.00,D常カG@牍A~跋 ; D常カswGAノa
RPWNMLLJMHKFFFK88CA,Y鳜qGpq,17.01,常カG
RPWNMLLJMHKFFFK88CA,Y鳜qGpq,3.10,常カG
RPWOMLLJMHKFFFK98CA,脔打q,2500.00,D常カG ; D常カswG
RPXOMLLJMHKFFFK09CA,脔打q,2500.00,D常カGsYaO|跋 ; D常カswGAノa
RPXOMLLJMHKFFFK09CA,脔打q,2568.16,D常カG ; D常カswG
RPPPMLLJMHKFFFK38CA,脔打q,2500.00,D常カG ; D常カswG
RPPPMLLJMHKFFFK38CA,脔打q,2500.00,D常カG ; D常カswG
RPPPMLLJMHKFFFK38CA,脔打q,2500.00,D常カG ; D常カswG
RPPNMLMJMHKFFFK28CA,バdqTpq,39.00,常カG
RPPNMLMJMHKFFFK28CA,バdqTpq,32.57,常カG
RPSNMLLMLHKFFFK68CA,ゅてq,124.18,常カG
RPROMLLJMHKFFEK38CA,褐wq,220.26,D常カGSwA~跋 ; D常カswGAノa
RPROMLLJMHKFFEK38CA,褐wq,82.09,D常カGSwA~跋 ; D常カswGAノa
RPSOMLLJMHKFFEK48CA,G打q,1455.20,D常カGu~跋 ; D常カswGB贺乜vノa
RPSOMLLJMHKFFEK48CA,G打q,240.00,D常カGu~跋 ; D常カswGB贺乜vノa
RPRNMLNLMHKFFEK68CA,nダ|q,1562.00,D常カGsYaO|跋 ; D常カswGAノa
RPRNMLNLMHKFFEK68CA,nダ|q,4719.00,D常カGsYaO|跋 ; D常カswGAノa
RPRNMLNLMHKFFEK68CA,nダ|q,7099.00,D常カGsYaO|跋 ; D常カswG既ゼsw
RPRNMLNLMHKFFEK68CA,nダ|q,95.00,D常カGsYaO|跋 ; D常カswG贺乜vノa
RPXNMLKMMHKFFDK98CA,s@q,932.00,D常カG ; D常カswG
RPQOMLLJMHKFFEK28CA,ρ蔓订q,3656.00,D常カGsYaO|跋 ; D常カswGAノa
RPSNMLRJMHKFFDK88CA,j璎q,5.54,D常カGsYaO|跋 ; D常カswG贺乜vノa
RPSNMLRJMHKFFDK88CA,j璎q,82.04,D常カGsYaO|跋 ; D常カswG贺乜vノa
RPWNMLRJMHKFFDK66CA,Wd}q,1320.00,常カGA
RPVOMLRJMHKFFDK66CA,λ砍q,38.25,常カG
RPVOMLRJMHKFFDK66CA,λ砍q,8.41,常カG
RPUNMLLJMHKFFDK48CA,fq翠lYpq,166.57,常カGA
RPVNMLLJMHKFFDK58CA,λnqTpq,12.84,常カG
RPWNMLLJMHKFFDK68CA,痴Rq,92.44,D常カGm跋 ; D常カswGA贺乜vノa
RPOOMLSJMHKFFDK68CA,キ砍q,211.05,D常カGsYaO|跋 ; D常カswG贺乜vノa
RPUNMLTJMHKFFDK66CA,い砍qい砍pq,11.04,常カG
RPWPMLLJMHKFFDK88CA,λ砍q,31.42,常カG
RPWPMLLJMHKFFDK88CA,い砍qい砍pq,9.72,常カG
RPOQMLLJMHKFFDK18CA,λ砍q,26.35,常カG
RPOQMLLJMHKFFDK18CA,い砍qい砍pq,8.15,常カG
RPQQMLLJMHKFFDK38CA,λ砍q,39.04,常カG
RPQQMLLJMHKFFDK38CA,い砍qい砍pq,12.07,常カG
RPSQMLLJMHKFFDK58CA,λ砍q,26.35,常カG
RPSQMLLJMHKFFDK58CA,い砍qい砍pq,8.15,常カG
RPUQMLLJMHKFFDK78CA,λ砍q,39.04,常カG
RPUQMLLJMHKFFDK78CA,い砍qい砍pq,12.07,常カG
RPWQMLLJMHKFFDK98CA,λ砍q,26.35,常カG
RPWQMLLJMHKFFDK98CA,い砍qい砍pq,8.15,常カG
RPPNMLMJMHKFFDK08CA,_砍q,21.94,D常カGm跋 ; D常カswGA贺乜vノa
RPQNMLMJMHKFFDK18CA,_砍q,22.73,D常カGm跋 ; D常カswGA贺乜vノa
RPRNMLMJMHKFFDK28CA,_砍q,48.25,D常カGm跋 ; D常カswGA贺乜vノa
RPSNMLMJMHKFFDK38CA,_砍q,22.73,D常カGm跋 ; D常カswGA贺乜vノa
RPTNMLMJMHKFFDK48CA,_砍q,21.94,D常カGm跋 ; D常カswGA贺乜vノa
RPUNMLMJMHKFFDK58CA,_砍q,48.25,D常カGm跋 ; D常カswGA贺乜vノa
RPQNMLMJMHKFFCK08CA,s_nq,49.32,D常カGSwA~跋 ; D常カswGヒ贺乜vノa
RPROMLRJMHKFFCK78CA,q_q,1588.45,常カGu
RPSOMLTJMHKFFBK98CA,j|q,2500.00,D常カGsYaO|跋 ; D常カswGAノa
RPPNMLLLMHKFFBK97CA,j|q,837.00,D常カGSwA~跋 ; D常カswGAノa
RPRNMLLLMHKFFBK18CA,j|q,838.00,D常カGSwA~跋 ; D常カswGAノa
RPPNMLPLMHKFFAK28CA,j打q,2625.00,D常カGsYaO|跋 ; D常カswGAノa
RPPNMLPJMHKFFBK18CA,~Hq,55.00,常カG
RPPNMLPJMHKFFBK18CA,~Hq,8.00,常カG
RPPNMLPJMHKFFBK18CA,~Hq,2.00,常カG
RPRNMLLJMHKFFBK97CA,bl，q,780.00,D常カGSwA~跋 ; D常カswGAノa
RPRNMLLJMHKFFBK97CA,bl，q,1956.00,D常カGSwA~跋 ; D常カswGAノa
RPTNMLLJMHKFFBK18CA,neq,5041.00,D常カGsYaO|跋 ; D常カswGL~ノa
RPUNMLLJMHKFFBK28CA,~Hq,39.80,常カG
RPQOMLRJMHKFFBK58CA,きé，q,824.00,常カGA
RPQOMLRJMHKFFBK58CA,きé，q,824.00,常カGA
RPTNMLNLMHKFFEK98DA,nダ|q,2051.00,D常カGsYaO|跋 ; D常カswGAノa
RPRNMLSJMHKFFFK09CA,バdq@pq,17.25,常カG
RPRNMLSJMHKFFFK09CA,バdq@pq,2.75,常カG
RPRNMLSJMHKFFFK09CA,バdq@pq,1.25,常カG
RPRNMLSJMHKFFFK09CA,バdq@pq,18.75,常カG
