鄉鎮市區,交易標的,土地區段位置或建物區門牌,土地移轉總面積平方公尺,都市土地使用分區,非都市土地使用分區,非都市土地使用編定,交易年月,交易筆棟數,移轉層次,總樓層數,建物型態,主要用途,主要建材,建築完成年月,建物移轉總面積平方公尺,建物現況格局-房,建物現況格局-廳,建物現況格局-衛,建物現況格局-隔間,有無管理組織,總價元,單價每平方公尺,車位類別,車位移轉總面積平方公尺,車位總價元,備註,編號
獅潭鄉,土地,桂竹林段91~120地號,6652.0,,山坡地保育區,林業用地,10402,土地4建物0車位0,,,其他,,,,0.0,0,0,0,有,無,3650000,549,,0.0,0,,RPTNMLTKLHKFFAK88CA
卓蘭鎮,土地,食水坑段241~270地號,135.55,,山坡地保育區,農牧用地,10403,土地1建物0車位0,,,其他,,,,0.0,0,0,0,有,無,500000,3689,,0.0,0,,RPQNMLMJMHKFFAK87CA
卓蘭鎮,土地,食水坑段241~270地號,562.11,,山坡地保育區,農牧用地,10403,土地1建物0車位0,,,其他,,,,0.0,0,0,0,有,無,1000000,1779,,0.0,0,,RPRNMLMJMHKFFAK97CA
公館鄉,房地(土地+建物),苗31~60號,125.6,其他,,,10402,土地1建物1車位0,全,,透天厝,住商用,鋼筋混凝土造,0770115,222.3,4,2,3,有,無,7750000,34863,,0.0,0,,RPQNMLRKLHKFFBK48CA
公館鄉,房地(土地+建物),苗栗縣公館鄉玉泉村4鄰玉泉91~120號,555.14,農,,,10403,土地1建物1車位0,一層，二層，三層,3,農舍,農舍,鋼筋混凝土造,1011112,198.51,5,2,3,有,無,12600000,,,0.0,0,,RPQNMLSKLHKFFBK58CA
苗栗市,房地(土地+建物),苗栗縣苗栗巿維新里7鄰新庄街332巷1~30號,101.0,,特定農業區,甲種建築用地,10401,土地3建物1車位0,全,3,透天厝,住家用,鋼筋混凝土造,0920925,184.31,4,2,2,有,無,6200000,33639,,0.0,0,親友、員工或其他特殊關係間之交易。,RPSNMLSKLHKFFBK78CA
苗栗市,土地,南勢坑段下南勢坑小段421~450地號,2542.0,,山坡地保育區,農牧用地,10401,土地1建物0車位0,,,其他,,,,0.0,0,0,0,有,無,5000000,1967,,0.0,0,,RPQPMLRJMHKFFBK68CA
頭屋鄉,土地,明德段961~990地號,378.86,其他,,,10401,土地1建物0車位0,,,其他,,,,0.0,0,0,0,有,無,435500,1150,,0.0,0,1.畸零地或有合併使用之交易。,RPUNMLOKMHKFFBK68CA
造橋鄉,房地(土地+建物),苗栗縣造橋鄉苗栗縣造橋鄉大龍村3鄰石椿臼1~30號,5126.0,,山坡地保育區,農牧用地,10311,土地1建物1車位0,全,2,透天厝,農舍,見其他登記事項,0860613,290.2,5,2,3,有,無,5500000,18952,,0.0,0,,RPUOMLLMLHKFFDK78CA
銅鑼鄉,土地,九湖南段1~30地號,112.83,,一般農業區,丙種建築用地,10310,土地4建物0車位0,,,其他,,,,0.0,0,0,0,有,無,546097,4840,,0.0,0,,RPQNMLTKLHKFFEK98CA
銅鑼鄉,土地,天神段1261~1290地號,2622.02,,特定農業區,農牧用地,10401,土地6建物0車位0,,,其他,,,,0.0,0,0,0,有,無,3800000,1449,,0.0,0,,RPPNMLRKLHKFFEK68CA
西湖鄉,土地,二湖段781~810地號,1166.0,,特定農業區,農牧用地,10403,土地2建物0車位0,,,其他,,,,0.0,0,0,0,有,無,1750000,1501,,0.0,0,,RPTNMLRKLHKFFEK09CA
銅鑼鄉,土地,樟樹西段871~900地號,377.78,,特定農業區,農牧用地,10402,土地9建物0車位0,,,其他,,,,0.0,0,0,0,有,無,1190000,3150,,0.0,0,,RPSNMLSKLHKFFEK09CA
銅鑼鄉,土地,竹圍段1~30地號,8349.67,,山坡地保育區,農牧用地,10403,土地3建物0車位0,,,其他,,,,0.0,0,0,0,有,無,3600000,431,,0.0,0,,RPTNMLSKLHKFFEK56CA
三灣鄉,土地,內灣段751~780地號,89.0,,,,10312,土地1建物0車位0,,,其他,,,,0.0,0,0,0,有,無,258100,2900,,0.0,0,,RPTNMLRKLHKFFFK56CA
頭份鎮,房地(土地+建物),苗栗縣頭份鎮頭份里4鄰頭份241~270號,327.0,住,,,10312,土地2建物1車位0,一層,1,其他,住家用,見其他登記事項,0420115,47.48,0,0,0,無,無,8400000,176917,,0.0,0,,RPUNMLSKLHKFFFK76CA
頭份鎮,房地(土地+建物),苗栗縣頭份鎮興隆里11鄰湳湖31~60號,1081.72,其他,,,10311,土地2建物1車位0,一層，二層,2,農舍,農舍,鋼筋混凝土造,0920113,214.81,4,2,2,有,無,16000000,,,0.0,0,,RPSNMLKLLHKFFFK48CA
頭份鎮,房地(土地+建物),苗栗縣頭份鎮上興里15鄰永昌街1~30號,25.0,,山坡地保育區,丙種建築用地,10401,土地1建物1車位0,三層,7,華廈(10層含以下有電梯),住家用,鋼筋混凝土造,0860827,21.84,3,2,2,有,無,650000,29762,,0.0,0,,RPRNMLKMLHKFFFK48CA
頭份鎮,房地(土地+建物),苗栗縣頭份鎮上興里15鄰永昌街1~30號,25.0,,山坡地保育區,丙種建築用地,10401,土地1建物1車位0,三層,7,華廈(10層含以下有電梯),住家用,鋼筋混凝土造,0860827,65.54,3,2,3,有,無,1300000,19835,,0.0,0,,RPSNMLKMLHKFFFK58CA
卓蘭鎮,土地,昭永段271~300地號,20.85,商,,,10401,土地1建物0車位0,,,其他,,,,0.0,0,0,0,有,無,924698,44350,,0.0,0,,RPRNMLRKLHKFFAK58DA
大湖鄉,土地,興榮段31~60地號,1649.0,,山坡地保育區,農牧用地,10312,土地1建物0車位0,,,其他,,,,0.0,0,0,0,有,無,220000,133,,0.0,0,,RPPNMLKLLHKFFAK77DA
三義鄉,土地,三叉段121~150地號,2867.0,,山坡地保育區,林業用地,10402,土地2建物0車位0,,,其他,,,,0.0,0,0,0,有,無,3707138,1293,,0.0,0,土地分筆簽約交易，旱地目簽約日期為104年2月3日，每坪5000元；林地目簽約日期為103年11月26日，每坪4200元。,RPPNMLMJMHKFFEK28DA
苑裡鎮,土地,火炎山段211~240地號,61.6,,特定農業區,甲種建築用地,10403,土地1建物0車位0,,,其他,,,,0.0,0,0,0,有,無,512512,8320,,0.0,0,向政府機關承購之案件。,RPRNMLKMLHKFFCK38EA
頭份鎮,房地(土地+建物),苗栗縣頭份鎮土牛里5鄰中正北路229巷31~60號,42.44,住,,,10312,土地1建物1車位0,三層,5,華廈(10層含以下有電梯),見其他登記事項,鋼筋混凝土造,1031222,132.62,2,2,2,有,無,5050000,38079,,0.0,0,,RPOOMLLJMHKFFFK28DA
頭份鎮,房地(土地+建物),苗栗縣頭份鎮土牛里5鄰中正北路229巷1~30號,42.44,住,,,10312,土地1建物1車位0,四層,5,華廈(10層含以下有電梯),見其他登記事項,鋼筋混凝土造,1031222,47.06999999999999,2,2,2,有,無,5000000,106225,,0.0,0,,RPPOMLLJMHKFFFK38DA
頭份鎮,房地(土地+建物),苗栗縣頭份鎮土牛里5鄰中正北路229巷1~30號,42.44,住,,,10312,土地1建物1車位0,四層,5,華廈(10層含以下有電梯),見其他登記事項,鋼筋混凝土造,1031222,129.87,2,2,2,有,無,5000000,38500,,0.0,0,,RPQOMLLJMHKFFFK48DA
頭份鎮,房地(土地+建物),苗栗縣頭份鎮土牛里5鄰中正北路229巷31~60號,42.44,住,,,10300,土地1建物1車位0,四層,5,華廈(10層含以下有電梯),見其他登記事項,鋼筋混凝土造,1031222,132.62,2,2,2,有,無,4680000,35289,,0.0,0,,RPSOMLLJMHKFFFK68DA
頭份鎮,房地(土地+建物),苗栗縣頭份鎮土牛里5鄰中正北路229巷1~30號,42.44,住,,,10312,土地1建物1車位0,五層,5,華廈(10層含以下有電梯),見其他登記事項,鋼筋混凝土造,1031222,129.87,2,2,2,有,無,4800000,36960,,0.0,0,,RPUOMLLJMHKFFFK88DA
頭份鎮,房地(土地+建物),苗栗縣頭份鎮土牛里5鄰中正北路229巷1~30號,42.44,住,,,10312,土地1建物1車位0,五層,5,華廈(10層含以下有電梯),見其他登記事項,鋼筋混凝土造,1031222,132.62,2,2,2,有,無,4680000,35289,,0.0,0,,RPVOMLLJMHKFFFK98DA
頭份鎮,房地(土地+建物),苗栗縣頭份鎮土牛里5鄰中正北路229巷1~30號,42.44,住,,,10312,土地1建物1車位0,二層,5,華廈(10層含以下有電梯),見其他登記事項,鋼筋混凝土造,1031222,129.87,2,2,2,有,無,4880000,37576,,0.0,0,,RPQNMLLJMHKFFFK38DA
頭份鎮,房地(土地+建物),苗栗縣頭份鎮土牛里5鄰中正北路229巷1~30號,42.44,住,,,10312,土地1建物1車位0,二層,5,華廈(10層含以下有電梯),見其他登記事項,鋼筋混凝土造,1031222,132.62,2,2,2,有,無,4950000,37325,,0.0,0,,RPSNMLLJMHKFFFK58DA
頭份鎮,房地(土地+建物),苗栗縣頭份鎮土牛里5鄰中正北路229巷31~60號,42.44,住,,,10312,土地1建物1車位0,二層,5,華廈(10層含以下有電梯),見其他登記事項,鋼筋混凝土造,1031222,132.62,2,2,2,有,無,4950000,37325,,0.0,0,,RPTNMLLJMHKFFFK68DA
頭份鎮,房地(土地+建物),苗栗縣頭份鎮土牛里5鄰中正北路229巷1~30號,42.44,住,,,10312,土地1建物1車位0,三層,5,華廈(10層含以下有電梯),見其他登記事項,鋼筋混凝土造,1031222,129.87,2,2,2,有,無,4980000,38346,,0.0,0,,RPUNMLLJMHKFFFK78DA
頭份鎮,房地(土地+建物),苗栗縣頭份鎮土牛里5鄰中正北路229巷1~30號,42.44,住,,,10312,土地1建物1車位0,三層,5,華廈(10層含以下有電梯),見其他登記事項,鋼筋混凝土造,1031222,129.87,2,2,2,有,無,4900000,37730,,0.0,0,,RPVNMLLJMHKFFFK88DA
南庄鄉,土地,北獅里興段北獅里興小段181~210地號,2619.0,,山坡地保育區,農牧用地,10403,土地1建物0車位0,,,其他,,,,0.0,0,0,0,有,無,6100000,2329,,0.0,0,,RPXNMLKLLHKFFFK98CA
頭份鎮,房地(土地+建物)+車位,苗栗縣頭份鎮文化里5鄰育英街1~30號,27.94,住,,,10312,土地1建物1車位1,四層,9,華廈(10層含以下有電梯),見其他登記事項,鋼筋混凝土造,1031104,130.03,3,2,2,有,有,5320000,40914,升降機械,0.0,480000,,RPRNMLRKLHKFFFK98CA
頭份鎮,房地(土地+建物)+車位,苗栗縣頭份鎮蟠桃里14鄰信三街12巷1~30號,14.1,住,,,10401,土地2建物1車位1,二層,9,華廈(10層含以下有電梯),住家用,鋼筋混凝土造,0860129,102.67,3,1,2,有,有,3100000,30194,坡道平面,0.0,0,,RPPNMLTKLHKFFFK98CA
三灣鄉,土地,上坪段511~540地號,571.64,農,,,10312,土地1建物0車位0,,,其他,,,,0.0,0,0,0,有,無,850000,1487,,0.0,0,母子特殊關係間之交易。,RPPNMLKLLHKFFFK18CA
頭份鎮,房地(土地+建物)+車位,苗栗縣頭份鎮蟠桃里10鄰中央路407巷1~30號,31.09,住,,,10401,土地3建物1車位1,二層,11,住宅大樓(11層含以上有電梯),見其他登記事項,鋼筋混凝土造,1030704,171.68,3,2,2,有,有,7750000,45142,坡道平面,28.47,0,本交易含有機車位1個,RPQNMLSKLHKFFFK98CA
頭份鎮,房地(土地+建物),苗栗縣頭份鎮和平里9鄰中華路811~840號,64.39,住,,,10402,土地1建物1車位0,全,4,透天厝,住家用,見其他登記事項,1000712,170.25,5,2,4,有,無,11800000,69310,,0.0,0,,RPRNMLSKLHKFFFK09CA
頭份鎮,土地,蟠桃段忠孝小段301~330地號,134.0,住,,,10401,土地1建物0車位0,,,其他,,,,0.0,0,0,0,有,無,10130000,75597,,0.0,0,,RPSNMLSKLHKFFFK56CA
西湖鄉,土地,五湖段361~390地號,844.0,,特定農業區,農牧用地,10312,土地1建物0車位0,,,其他,,,,0.0,0,0,0,有,無,1600000,1896,,0.0,0,含增建或未登記建物。,RPTNMLMJMHKFFEK58CA
銅鑼鄉,土地,老雞隆段991~1020地號,2695.0,,山坡地保育區,農牧用地,10401,土地1建物0車位0,,,其他,,,,0.0,0,0,0,有,無,6680000,2479,,0.0,0,總價包含道路用地持分,RPUNMLSKLHKFFEK66CA
三義鄉,土地,三叉段61~90地號,289.0,,山坡地保育區,丙種建築用地,10403,土地2建物0車位0,,,其他,,,,0.0,0,0,0,有,無,1136493,3933,,0.0,0,,RPXOMLKLLHKFFEK98CA
公館鄉,土地,麻齊寮段301~330地號,233.0,住,,,10402,土地1建物0車位0,,,其他,,,,0.0,0,0,0,有,無,4500000,19313,,0.0,0,,RPUNMLTJMHKFFBK09CA
苑裡鎮,房地(土地+建物),苗栗縣苑裡鎮客庄里2鄰中正路91~120號,150.48,住,,,10402,土地1建物1車位0,全,3,透天厝,見其他登記事項,鋼筋混凝土造,1030612,216.35,4,3,5,有,無,11000000,50844,,0.0,0,,RPUNMLSKLHKFFCK09CA
苗栗市,土地,嘉福段1291~1320地號,158.55,住,,,10401,土地2建物0車位0,,,其他,,,,0.0,0,0,0,有,無,971000,6124,,0.0,0,二親等關係,RPRNMLTKLHKFFBK78CA
公館鄉,土地,大坑段301~330地號,2511.0,,山坡地保育區,農牧用地,10401,土地1建物0車位0,,,其他,,,,0.0,0,0,0,有,無,4200000,1673,,0.0,0,,RPSNMLTKLHKFFBK88CA
苗栗市,房地(土地+建物),苗栗縣苗栗巿清華里27鄰為民街361~390號,14.5,住,,,10312,土地2建物1車位0,十層,12,住宅大樓(11層含以上有電梯),住家用,鋼筋混凝土造,0840115,96.37,3,1,2,有,有,2800000,29055,,0.0,0,,RPXNMLTKLHKFFBK76CA
大湖鄉,土地,大窩段121~150地號,1805.02,,山坡地保育區,農牧用地,10312,土地2建物0車位0,,,其他,,,,0.0,0,0,0,有,無,1000000,554,,0.0,0,,RPPNMLPKMHKFFAK18CA
苗栗市,房地(土地+建物),苗栗縣苗栗巿勝利里21鄰復興路一段1巷5弄1~30號,87.31,住,,,10312,土地3建物1車位0,全,3,透天厝,住家用,鋼筋混凝土造,1031230,202.9,4,1,3,有,無,7380000,36373,,0.0,0,,RPWNMLOLLHKFFBK88CA
苗栗市,房地(土地+建物),苗栗縣苗栗巿勝利里21鄰復興路一段1巷5弄1~30號,87.31,住,,,10312,土地3建物1車位0,全,3,透天厝,住家用,鋼筋混凝土造,1031230,204.1,4,1,3,有,無,7580000,37139,,0.0,0,,RPOOMLOLLHKFFBK18CA
大湖鄉,房地(土地+建物),苗栗縣大湖鄉民權路42巷1~30號,115.85,住,,,10402,土地1建物1車位0,全,2,透天厝,住商用,鋼筋混凝土造,0780704,119.12,3,2,2,有,無,6200000,52048,,0.0,0,,RPQNMLTKLHKFFAK58CA
泰安鄉,土地,南洗水段1651~1680地號,10696.0,,山坡地保育區,農牧用地,10402,土地1建物0車位0,,,其他,,,,0.0,0,0,0,有,無,1000000,93,,0.0,0,親友間之交易。,RPQNMLLKMHKFFAK87CA
苗栗市,房地(土地+建物),苗栗縣苗栗巿勝利里21鄰復興路一段1巷5弄1~30號,84.86,住,,,10312,土地3建物1車位0,全,3,透天厝,住家用,鋼筋混凝土造,1031230,198.27,4,1,2,有,無,7460000,37625,,0.0,0,,RPTNMLPLLHKFFBK68CA
苗栗市,房地(土地+建物),苗栗縣苗栗巿勝利里21鄰復興路一段1巷5弄1~30號,85.31,住,,,10312,土地3建物1車位0,全,3,透天厝,住家用,鋼筋混凝土造,1031230,197.12,3,2,3,有,無,6980000,35410,,0.0,0,,RPUNMLPLLHKFFBK78CA
苗栗市,房地(土地+建物),苗栗縣苗栗巿勝利里21鄰復興路一段1巷1~30號,113.31,住,,,10312,土地3建物1車位0,全,3,透天厝,住家用,鋼筋混凝土造,1031230,218.92,4,2,3,有,無,8400000,38370,,0.0,0,,RPWNMLPLLHKFFBK98CA
苗栗市,房地(土地+建物),苗栗縣苗栗巿勝利里21鄰復興路一段1巷5弄1~30號,84.79,住,,,10312,土地2建物1車位0,全,3,透天厝,住家用,鋼筋混凝土造,1031230,199.04,4,1,3,有,無,7030000,35320,,0.0,0,,RPOOMLPLLHKFFBK28CA
苗栗市,房地(土地+建物),苗栗縣苗栗巿勝利里21鄰復興路一段1巷5弄1~30號,85.39,住,,,10312,土地2建物1車位0,全,3,透天厝,住家用,鋼筋混凝土造,1031230,199.6,4,2,3,有,無,7600000,38076,,0.0,0,,RPQOMLPLLHKFFBK48CA
苗栗市,房地(土地+建物),苗栗縣苗栗巿勝利里21鄰復興路一段1巷1~30號,140.79,住,,,10312,土地3建物1車位0,全,3,透天厝,住家用,鋼筋混凝土造,1031230,219.01,4,3,3,有,無,9360000,42738,,0.0,0,,RPSOMLPLLHKFFBK68CA
苗栗市,土地,文聖段1681~1710地號,85.48,住,,,10312,土地1建物0車位0,,,其他,,,,0.0,0,0,0,有,無,3000000,35096,,0.0,0,含增建或未登記建物。,RPSNMLQLLHKFFBK68CA
頭屋鄉,土地,仁隆段391~420地號,408.0,,山坡地保育區,農牧用地,10402,土地1建物0車位0,,,其他,,,,0.0,0,0,0,有,無,2000000,4902,,0.0,0,,RPWOMLPLLHKFFBK09CA
頭屋鄉,土地,仁隆段751~780地號,553.25,其他,,,10402,土地6建物0車位0,,,其他,,,,0.0,0,0,0,有,無,3840000,6941,,0.0,0,,RPXOMLPLLHKFFBK56CA
苗栗市,土地,福全段1291~1320地號,30.27,其他,,,10312,土地1建物0車位0,,,其他,,,,0.0,0,0,0,有,無,726480,24000,,0.0,0,向苗栗農田水利會承購之案件。,RPPNMLLJMHKFFBK77CA
通霄鎮,房地(土地+建物),苗栗縣通霄鎮內湖121~150號,115.14,,鄉村區,乙種建築用地,10401,土地1建物1車位0,全,2,透天厝,住家用,鋼筋混凝土造,,148.46,1,2,2,有,無,2800000,18860,,0.0,0,,RPPNMLTKLHKFFCK68CA
竹南鎮,房地(土地+建物),苗栗縣竹南鎮崎頂里17鄰仁愛路2201巷2弄61~90號,75.58,,一般農業區,甲種建築用地,10401,土地1建物1車位0,全,3,透天厝,住家用,鋼筋混凝土造,0870123,114.1,3,2,3,有,無,4300000,37686,,0.0,0,,RPRNMLSKLHKFFDK88CA
竹南鎮,土地,竹南段二小段301~330地號,118.0,住,,,10402,土地1建物0車位0,,,其他,,,,0.0,0,0,0,有,無,8567980,72610,,0.0,0,標售地,RPVNMLTKLHKFFDK76CA
竹南鎮,土地,竹南段二小段301~330地號,42.0,住,,,10402,土地1建物0車位0,,,其他,,,,0.0,0,0,0,有,無,2029020,48310,,0.0,0,標售案,RPWNMLTKLHKFFDK86CA
竹南鎮,土地,鹽館前段山子坪小段511~540地號,495.0,農,,,10403,土地1建物0車位0,,,其他,,,,0.0,0,0,0,有,無,3144540,6353,,0.0,0,,RPQOMLKLLHKFFDK18CA
竹南鎮,房地(土地+建物),苗栗縣竹南鎮龍山里14鄰龍昇街153巷1~30號,86.7,住,,,10401,土地2建物1車位0,全,3,透天厝,住家用,鋼筋混凝土造,1031103,98.58,5,2,5,有,無,10900000,110570,,0.0,0,,RPWNMLKLLHKFFDK68CA
三義鄉,土地,聖王段421~450地號,2357.42,,特定農業區,農牧用地,10402,土地1建物0車位0,,,其他,,,,0.0,0,0,0,有,無,5600000,2375,,0.0,0,,RPPNMLTKLHKFFEK88CA
後龍鎮,土地,龍坑段841~870地號,31.43,,山坡地保育區,丁種建築用地,10402,土地1建物0車位0,,,其他,,,,0.0,0,0,0,有,無,200000,6363,,0.0,0,親友、員工或其他特殊關係間之交易。,RPXNMLSJMHKFFDK86CA
竹南鎮,土地,新生段421~450地號,74.15,住,,,10401,土地4建物0車位0,,,其他,,,,0.0,0,0,0,有,無,2928925,39500,,0.0,0,向苗栗農田水利會價購,RPWNMLKLMHKFFDK78CA
三義鄉,土地,雙連潭段841~870地號,32458.5,,山坡地保育區,農牧用地,10402,土地3建物0車位0,,,其他,,,,0.0,0,0,0,有,無,18100000,558,,0.0,0,,RPPNMLNJMHKFFEK28CA
南庄鄉,土地,田尾段571~600地號,504.0,,山坡地保育區,林業用地,10403,土地1建物0車位0,,,其他,,,,0.0,0,0,0,有,無,2000000,3968,,0.0,0,,RPQNMLKLLHKFFFK28CA
頭份鎮,房地(土地+建物),苗栗縣頭份鎮合興里10鄰幼英街91~120號,105.36,住,,,10401,土地1建物1車位0,全,4,透天厝,住商用,見其他登記事項,1010204,231.11,5,1,6,有,無,12250000,53005,,0.0,0,,RPQNMLTKLHKFFFK09CA
頭份鎮,房地(土地+建物),苗栗縣頭份鎮東庄里3鄰忠孝一路102巷1~30號,23.0,住,,,10312,土地1建物1車位0,全,2,透天厝,住家用,加強磚造,0781128,193.41,7,2,6,有,無,4500000,23267,,0.0,0,二等親間買賣〈買方為基地所有權人〉,RPTNMLKLLHKFFFK58CA
頭份鎮,房地(土地+建物),苗栗縣頭份鎮民生里11鄰中華路571~600號,92.54,住,,,10401,土地1建物1車位0,一層，二層，三層，四層，地下一層,4,店面(店鋪),見其他登記事項,見其他登記事項,0980512,272.12,3,2,4,有,無,10250000,37667,,0.0,0,,RPVNMLKLLHKFFFK78CA
頭份鎮,房地(土地+建物),苗栗縣頭份鎮成功里2鄰節約街28巷1~30號,93.0,住,,,10401,土地1建物1車位0,全,4,透天厝,住家用,見其他登記事項,1011015,283.79,6,3,7,有,無,14500000,51094,,0.0,0,,RPRNMLNLLHKFFFK68CA
頭份鎮,房地(土地+建物),苗栗縣頭份鎮蟠桃里10鄰立德街47巷1~30號,74.32,住,,,10402,土地2建物1車位0,全,4,透天厝,見其他登記事項,見其他登記事項,0970505,196.5,3,2,4,有,無,9800000,49873,,0.0,0,,RPSNMLNLLHKFFFK78CA
頭份鎮,房地(土地+建物),苗栗縣頭份鎮文化里12鄰文化街32巷15弄1~30號,25.15,住,,,10402,土地1建物1車位0,四層,6,華廈(10層含以下有電梯),住家用,鋼筋混凝土造,0830712,82.46,3,2,2,有,有,3300000,40019,,0.0,0,,RPUNMLNLLHKFFFK98CA
頭份鎮,土地,尖山下段1081~1110地號,209.5,,山坡地保育區,農牧用地,10401,土地1建物0車位0,,,其他,,,,0.0,0,0,0,有,無,253495,1210,,0.0,0,,RPQNMLOLLHKFFFK68CA
頭份鎮,土地,尖山下段1081~1110地號,327.38,,山坡地保育區,農牧用地,10401,土地1建物0車位0,,,其他,,,,0.0,0,0,0,有,無,396123,1210,,0.0,0,,RPRNMLOLLHKFFFK78CA
頭份鎮,土地,水源段211~240地號,630.54,,山坡地保育區,林業用地,10403,土地7建物0車位0,,,其他,,,,0.0,0,0,0,有,無,2700000,4282,,0.0,0,,RPSNMLRLLHKFFFK56CA
竹南鎮,土地,竹南段一小段1261~1290地號,74.0,住,,,10402,土地1建物0車位0,,,其他,,,,0.0,0,0,0,有,無,5426420,73330,,0.0,0,向政府機關承購之案件。,RPUNMLTKLHKFFDK76DA
頭份鎮,土地,斗換坪段新華小段181~210地號,11.4,農,,,10401,土地1建物0車位0,,,其他,,,,0.0,0,0,0,有,無,213776,18752,,0.0,0,土地增值稅23164元買方負擔。,RPSNMLKKMHKFFFK48CA
頭份鎮,土地,斗換坪段新華小段181~210地號,75.0,農,,,10401,土地2建物0車位0,,,其他,,,,0.0,0,0,0,有,無,1406594,18755,,0.0,0,土地增值稅52743元買方負擔。,RPTNMLKKMHKFFFK58CA
頭份鎮,土地,斗換坪段新華小段181~210地號,269.0,農,,,10401,土地4建物0車位0,,,其他,,,,0.0,0,0,0,有,無,5045064,18755,,0.0,0,土地增值稅339921元買方負擔。,RPUNMLKKMHKFFFK68CA
頭份鎮,土地,斗換坪段新華小段211~240地號,296.0,農,,,10401,土地5建物0車位0,,,其他,,,,0.0,0,0,0,有,無,5551449,18755,,0.0,0,土地增值稅297283元買方負擔。,RPVNMLKKMHKFFFK78CA
頭份鎮,土地,斗換坪段新華小段181~210地號,65.8,農,,,10401,土地2建物0車位0,,,其他,,,,0.0,0,0,0,有,無,1233924,18753,,0.0,0,土地增值稅164036元買方負擔。,RPWNMLKKMHKFFFK88CA
頭份鎮,土地,斗換坪段新華小段181~210地號,199.5,農,,,10401,土地1建物0車位0,,,其他,,,,0.0,0,0,0,有,無,3017400,15125,,0.0,0,土地增值稅405354元買方負擔。,RPXNMLKKMHKFFFK98CA
頭份鎮,土地,斗換坪段新華小段181~210地號,535.0,農,,,10401,土地6建物0車位0,,,其他,,,,0.0,0,0,0,有,無,10033894,18755,,0.0,0,土地增值稅816053元買方負擔。,RPOOMLKKMHKFFFK18CA
三灣鄉,土地,銅鑼圈段大銅鑼圈小段91~120地號,4118.0,,山坡地保育區,農牧用地,10402,土地1建物0車位0,,,其他,,,,0.0,0,0,0,有,無,7500000,1821,,0.0,0,,RPPNMLKMLHKFFFK28CA
頭份鎮,土地,新興段151~180地號,615.9,,河川區,農牧用地,10401,土地1建物0車位0,,,其他,,,,0.0,0,0,0,有,無,1058268,1718,,0.0,0,,RPPOMLTJMHKFFFK09CA
頭份鎮,土地,新興段151~180地號,5028.92,,特定農業區,農牧用地,10401,土地2建物0車位0,,,其他,,,,0.0,0,0,0,有,無,18677528,3714,,0.0,0,,RPQOMLTJMHKFFFK56CA
頭份鎮,房地(土地+建物),苗栗縣頭份鎮東庄里18鄰和平路241~270號,176.48,工,,,10312,土地2建物1車位0,一層，二層，三層，見其他登記事項,3,店面(店鋪),見其他登記事項,見其他登記事項,0991206,301.53,0,2,3,有,無,25800000,85564,,0.0,0,,RPPNMLNLLHKFFFK48CA
頭份鎮,房地(土地+建物),苗栗縣頭份鎮民族里5鄰自強路281巷1~30號,33.42,住,,,10401,土地5建物1車位0,四層,4,公寓(5樓含以下無電梯),住家用,鋼筋混凝土造,0710223,99.83000000000001,3,1,1,有,無,1800000,18031,,0.0,0,,RPQNMLNLLHKFFFK58CA
頭份鎮,土地,尖山下段1501~1530地號,2873.5,,特定農業區,農牧用地,10401,土地2建物0車位0,,,其他,,,,0.0,0,0,0,有,無,4500000,1566,,0.0,0,,RPOOMLNLLHKFFFK48CA
頭份鎮,房地(土地+建物),苗栗縣頭份鎮民族里15鄰中華路953巷1~30號,10.65,住,,,10402,土地1建物1車位0,十二層,13,住宅大樓(11層含以上有電梯),住家用,鋼筋混凝土造,0840331,74.94999999999999,2,1,1,有,有,2710000,36157,,0.0,0,,RPWNMLKLLHKFFFK88CA
頭份鎮,房地(土地+建物)+車位,苗栗縣頭份鎮上興里15鄰永昌街1~30號,26.47,,山坡地保育區,丙種建築用地,10312,土地1建物1車位1,四層,7,華廈(10層含以下有電梯),住家用,鋼筋混凝土造,0860827,121.64,3,2,2,有,有,3432000,28214,坡道平面,0.0,0,,RPRNMLKLLHKFFFK38CA
銅鑼鄉,土地,七十份段中平小段61~90地號,286.0,,工業區,丁種建築用地,10401,土地1建物0車位0,,,其他,,,,0.0,0,0,0,有,無,3000000,10490,,0.0,0,,RPPNMLLJNHKFFEK18CA
三義鄉,土地,重河段181~210地號,901.01,其他,,,10403,土地1建物0車位0,,,其他,,,,0.0,0,0,0,有,無,150000,166,,0.0,0,(包含)公共設施保留地之交易。,RPPQMLKLLHKFFEK38CA
三義鄉,土地,三叉段541~570地號,350.0,,山坡地保育區,丙種建築用地,10402,土地1建物0車位0,,,其他,,,,0.0,0,0,0,有,無,1588125,4538,,0.0,0,俗稱；賣清。,RPQQMLKLLHKFFEK48CA
西湖鄉,土地,高埔段121~150地號,2619.0,,特定農業區,農牧用地,10403,土地1建物0車位0,,,其他,,,,0.0,0,0,0,有,無,3963000,1513,,0.0,0,,RPPNMLOLLHKFFEK48CA
竹南鎮,房地(土地+建物),苗栗縣竹南鎮龍山里14鄰龍昇街153巷1~30號,104.42,住,,,10401,土地3建物1車位0,全,4,透天厝,住家用,鋼筋混凝土造,1031103,206.88,5,2,5,有,無,9700000,46887,,0.0,0,,RPOOMLKLLHKFFDK97CA
竹南鎮,房地(土地+建物),苗栗縣竹南鎮開元里3鄰平等街一段61~90號,10.21,商,,,10402,土地1建物1車位0,二層,15,住宅大樓(11層含以上有電梯),見其他登記事項,鋼筋混凝土造,1030929,87.14,2,2,1,有,有,3230000,37067,,0.0,0,,RPVNMLNLLHKFFDK88CA
竹南鎮,房地(土地+建物)+車位,苗栗縣竹南鎮海口里5鄰迎薰南路56巷1~30號,41.27,住,,,10403,土地2建物1車位1,二層,5,華廈(10層含以下有電梯),見其他登記事項,鋼筋混凝土造,1030123,138.83,3,2,2,有,無,5200000,37456,一樓平面,0.0,0,,RPPNMLOLLHKFFDK38CA
竹南鎮,房地(土地+建物),苗栗縣竹南鎮龍山里14鄰龍昇街153巷1~30號,111.34,住,,,10401,土地2建物1車位0,全,4,透天厝,住家用,鋼筋混凝土造,1031103,103.34,5,2,5,有,無,9380000,90768,,0.0,0,,RPROMLKLLHKFFDK28CA
竹南鎮,房地(土地+建物),苗栗縣竹南鎮龍山里14鄰龍昇街153巷7弄1~30號,130.81,住,,,10401,土地6建物1車位0,全,4,透天厝,住家用,鋼筋混凝土造,1031103,202.26,5,2,5,有,無,10000000,49441,,0.0,0,,RPTOMLKLLHKFFDK48CA
竹南鎮,房地(土地+建物),苗栗縣竹南鎮龍山里14鄰龍昇街153巷7弄1~30號,134.72,住,,,10401,土地6建物1車位0,全,4,透天厝,住家用,鋼筋混凝土造,1031103,207.17,5,2,5,有,無,9550000,46097,,0.0,0,,RPVOMLKLLHKFFDK68CA
竹南鎮,房地(土地+建物),苗栗縣竹南鎮龍山里14鄰龍昇街153巷1~30號,99.24,住,,,10401,土地3建物1車位0,一層，二層，三層，見其他登記事項,3,華廈(10層含以下有電梯),住家用,鋼筋混凝土造,1031103,201.51,5,2,5,有,無,11200000,55580,,0.0,0,,RPVNMLKLLHKFFDK58CA
苑裡鎮,土地,貓盂段貓盂小段631~660地號,3300.0,,特定農業區,農牧用地,10403,土地1建物0車位0,,,其他,,,,0.0,0,0,0,有,無,14973750,4538,,0.0,0,,RPRNMLRLLHKFFCK78CA
苑裡鎮,房地(土地+建物),苗栗縣苑裡鎮中正里13鄰中正91~120號,163.78,商,,,10402,土地1建物1車位0,全,2,透天厝,住商用,鋼筋混凝土造,0710115,246.36,4,2,2,有,無,10000000,40591,,0.0,0,,RPSNMLLJMHKFFCK18CA
公館鄉,房地(土地+建物),苗31~60號,133.43,工,,,10401,土地3建物1車位0,全,3,透天厝,見其他登記事項,鋼筋混凝土造,1010214,174.0,5,2,4,有,無,7300000,41954,,0.0,0,,RPQNMLKKMHKFFBK87CA
苗栗市,房地(土地+建物),苗栗縣苗栗巿文聖里21鄰祥雲31~60號,98.67,,山坡地保育區,丙種建築用地,10402,土地1建物1車位0,全,5,透天厝,住家用,鋼筋混凝土造,0840215,179.71,5,2,3,有,無,2760000,15358,,0.0,0,,RPRNMLKKMHKFFBK97CA
苗栗市,房地(土地+建物),苗栗縣苗栗巿文聖里22鄰文發路378巷13弄31~60號,194.18,住,,,10212,土地5建物1車位0,全,3,透天厝,住家用,鋼筋混凝土造,1031110,224.12,5,2,5,有,無,8390000,37435,,0.0,0,,RPWNMLRJMHKFFBK09CA
苗栗市,房地(土地+建物),苗栗縣苗栗巿文聖里22鄰文發路378巷13弄31~60號,133.51,住,,,10403,土地5建物1車位0,全,3,透天厝,住家用,鋼筋混凝土造,1031110,190.38,4,2,4,有,無,7880000,41391,,0.0,0,,RPXNMLRJMHKFFBK56CA
公館鄉,土地,出礦坑段61~90地號,19374.0,,山坡地保育區,農牧用地,10401,土地3建物0車位0,,,其他,,,,0.0,0,0,0,有,無,15500000,800,,0.0,0,,RPOOMLQLLHKFFBK38CA
卓蘭鎮,土地,豐田段541~570地號,367.26,,鄉村區,乙種建築用地,10403,土地1建物0車位0,,,其他,,,,0.0,0,0,0,有,無,3200000,8713,,0.0,0,,RPSNMLOLLHKFFAK38CA
卓蘭鎮,土地,卓蘭段3061~3090地號,15647.0,,山坡地保育區,農牧用地,10401,土地10建物0車位0,,,其他,,,,0.0,0,0,0,有,無,13000000,831,,0.0,0,含增建或未登記建物。,RPPNMLPLLHKFFAK18CA
卓蘭鎮,土地,大坪林段61~90地號,1205.0,,山坡地保育區,農牧用地,10402,土地1建物0車位0,,,其他,,,,0.0,0,0,0,有,無,1450000,1203,,0.0,0,,RPPNMLMJMHKFFAK77CA
獅潭鄉,房地(土地+建物),苗栗縣獅潭鄉福興1~30號,63.0,,山坡地保育區,丙種建築用地,10403,土地1建物1車位0,全,2,透天厝,住家用,鋼筋混凝土造,0711216,123.2,3,2,0,有,無,1500000,12175,,0.0,0,,RPQNMLOKMHKFFAK18CA
苗栗市,房地(土地+建物),苗栗縣苗栗巿復興路四段91~120號,119.0,,鄉村區,乙種建築用地,10402,土地1建物2車位0,全,,透天厝,住家用,鋼筋混凝土造,0611215,345.19,5,2,3,有,無,1781600,5161,,0.0,0,本買賣案件係屬三親等間特殊交易，其交易價格可能異於市場正常交易價格。,RPUNMLKLLHKFFBK28CA
苗栗市,土地,南勢坑段上南勢坑小段1381~1410地號,9881.0,,山坡地保育區,丙種建築用地,10312,土地3建物0車位0,,,其他,,,,0.0,0,0,0,有,無,34800000,3522,,0.0,0,,RPQNMLNLLHKFFBK18CA
公館鄉,房地(土地+建物),苗栗縣公館鄉福星村8鄰福星211~240號,664.0,,特定農業區,農牧用地,10402,土地1建物1車位0,一層，二層,2,農舍,農舍,鋼筋混凝土造,0990902,157.34,5,2,3,有,無,13980000,,,0.0,0,,RPPNMLPLLHKFFBK28CA
卓蘭鎮,土地,上庄段841~870地號,2018.12,農,,,10403,土地1建物0車位0,,,其他,,,,0.0,0,0,0,有,無,5500000,2725,,0.0,0,,RPRNMLNLLHKFFAK18CA
泰安鄉,土地,八卦力段121~150地號,4875.5,,山坡地保育區,林業用地,10403,土地5建物0車位0,,,其他,,,,0.0,0,0,0,有,無,150000,31,,0.0,0,,RPSNMLRLLHKFFAK68CA
泰安鄉,土地,梅園段1291~1320地號,8850.0,,山坡地保育區,林業用地,10401,土地1建物0車位0,,,其他,,,,0.0,0,0,0,有,無,500000,56,,0.0,0,,RPPNMLNKMHKFFAK97CA
大湖鄉,房地(土地+建物),苗栗縣大湖鄉靜湖村5鄰民生路121~150號,120.62,住,,,10401,土地2建物1車位0,全,2,透天厝,住家用,鋼筋混凝土造,0820729,157.11,3,2,3,有,無,4750000,30234,,0.0,0,,RPRNMLNKMHKFFAK18CA
獅潭鄉,土地,八角林段541~570地號,853.0,,山坡地保育區,林業用地,10402,土地1建物0車位0,,,其他,,,,0.0,0,0,0,有,無,550000,645,,0.0,0,,RPUNMLRLLHKFFAK88CA
苗栗市,房地(土地+建物),苗栗縣苗栗巿文聖里22鄰文發路378巷13弄31~60號,133.47,住,,,10212,土地5建物1車位0,全,3,透天厝,住家用,鋼筋混凝土造,1031110,190.38,4,2,4,有,無,7120000,37399,,0.0,0,,RPOOMLRJMHKFFBK38CA
苗栗市,房地(土地+建物),苗栗縣苗栗巿文聖里22鄰文發路378巷13弄31~60號,133.43,住,,,10304,土地4建物1車位0,全,3,透天厝,住家用,鋼筋混凝土造,1031110,190.38,4,2,4,有,無,7200000,37819,,0.0,0,,RPROMLRJMHKFFBK68CA
苗栗市,房地(土地+建物),苗栗縣苗栗巿文聖里22鄰文發路378巷13弄31~60號,133.26,住,,,10212,土地4建物1車位0,全,3,透天厝,住家用,鋼筋混凝土造,1031110,190.38,5,2,3,有,無,6900000,36243,,0.0,0,,RPTOMLRJMHKFFBK88CA
苗栗市,房地(土地+建物),苗栗縣苗栗巿文聖里22鄰文發路378巷13弄31~60號,132.11,住,,,10208,土地4建物1車位0,全,3,透天厝,住家用,鋼筋混凝土造,1031110,221.36,5,2,3,有,無,7720000,34875,,0.0,0,,RPUOMLRJMHKFFBK98CA
苗栗市,房地(土地+建物),苗栗縣苗栗巿文聖里22鄰文發路378巷13弄31~60號,130.72,住,,,10212,土地4建物1車位0,全,3,透天厝,住家用,鋼筋混凝土造,1031110,190.38,5,2,3,有,無,7150000,37556,,0.0,0,,RPVOMLRJMHKFFBK09CA
公館鄉,土地,尖山段1741~1770地號,2279.0,,特定農業區,農牧用地,10403,土地1建物0車位0,,,其他,,,,0.0,0,0,0,有,無,25000000,10970,,0.0,0,含增建或未登記建物。,RPVNMLLMLHKFFBK58CA
通霄鎮,土地,通西段301~330地號,76.12,住,,,10312,土地1建物0車位0,,,其他,,,,0.0,0,0,0,有,無,2650000,34813,,0.0,0,親友、員工或其他特殊關係間之交易。含增建或未登記建物。,RPRNMLPLLHKFFCK58CA
通霄鎮,土地,大坪頂段721~750地號,7205.0,,山坡地保育區,農牧用地,10401,土地1建物0車位0,,,其他,,,,0.0,0,0,0,有,無,5100000,708,,0.0,0,,RPTNMLRLLHKFFCK98CA
苗栗市,房地(土地+建物),苗栗縣苗栗巿水源里6鄰金像園1~30號,19.36,住,,,10403,土地1建物1車位0,六層,,華廈(10層含以下有電梯),住家用,鋼筋混凝土造,0810930,112.75,3,1,2,有,無,3000000,26608,,0.0,0,,RPPNMLTJMHKFFBK58CA
竹南鎮,房地(土地+建物),苗栗縣竹南鎮海口里16鄰保安林1~30號,1991.0,,特定農業區,農牧用地,10401,土地1建物1車位0,一層,1,農舍,農舍,鋼骨混凝土造,0910619,219.6,3,2,1,有,無,10500000,,,0.0,0,,RPXOMLKLLHKFFDK88CA
竹南鎮,房地(土地+建物),苗栗縣竹南鎮頂埔里15鄰中華路99巷10弄1~30號,93.67,住,,,10403,土地1建物1車位0,全,2,透天厝,住家用,加強磚造,0790628,128.55,3,2,2,有,無,6120000,47608,,0.0,0,,RPRNMLNLLHKFFDK48CA
後龍鎮,土地,新港段校寄埧小段331~360地號,112.0,農,,,10401,土地1建物0車位0,,,其他,,,,0.0,0,0,0,有,無,600000,5357,,0.0,0,,RPSOMLOLLHKFFDK78CA
造橋鄉,房地(土地+建物),苗栗縣造橋鄉談文村5鄰學府路91~120號,15.76,,山坡地保育區,丙種建築用地,10402,土地1建物1車位0,三層,3,公寓(5樓含以下無電梯),住家用,鋼筋混凝土造,0900629,28.6,1,1,1,有,有,550000,19231,,0.0,0,,RPTOMLLMLHKFFDK68CA
頭份鎮,房地(土地+建物),苗栗縣頭份鎮興隆里20鄰花園東路56巷5弄1~30號,106.98,,山坡地保育區,丙種建築用地,10402,土地1建物1車位0,全,3,透天厝,見其他登記事項,見其他登記事項,0950803,231.45,3,2,2,有,有,5500000,23763,,0.0,0,二親等關係之交易,RPVNMLNLLHKFFFK09CA
頭份鎮,房地(土地+建物),苗栗縣頭份鎮民生里6鄰富貴街14巷1~30號,31.17,住,,,10402,土地1建物1車位0,七層,7,華廈(10層含以下有電梯),住家用,鋼筋混凝土造,0820820,130.01,3,2,2,有,有,3800000,29229,,0.0,0,,RPWNMLNLLHKFFFK56CA
三灣鄉,土地,永和山段361~390地號,133.95,,山坡地保育區,農牧用地,10402,土地1建物0車位0,,,其他,,,,0.0,0,0,0,有,無,600000,4479,,0.0,0,,RPPOMLNLLHKFFFK58CA
頭份鎮,土地,蟠桃段忠孝小段421~450地號,168.0,住,,,10402,土地1建物0車位0,,,其他,,,,0.0,0,0,0,有,無,17278800,102850,,0.0,0,,RPVNMLOLLHKFFFK56CA
頭份鎮,房地(土地+建物),苗栗縣頭份鎮合興里4鄰信義路504巷10弄1~30號,102.15,住,,,10402,土地1建物1車位0,全,2,透天厝,住家用,加強磚造,0680507,91.6,2,2,2,有,無,6900000,75328,,0.0,0,,RPRNMLRLLHKFFFK09CA
頭份鎮,房地(土地+建物)+車位,苗栗縣頭份鎮蟠桃里2鄰自立街31巷1~30號,25.55,住,,,10402,土地1建物1車位1,五層,7,華廈(10層含以下有電梯),住家用,鋼筋混凝土造,1021224,125.84,2,2,1,有,無,6360000,50540,坡道平面,27.51,0,,RPXNMLPLLHKFFFK86CA
頭份鎮,房地(土地+建物),苗栗縣頭份鎮建國里6鄰大同路77巷1~30號,29.02,住,,,10402,土地1建物1車位0,三層,5,華廈(10層含以下有電梯),見其他登記事項,鋼筋混凝土造,1031229,86.67,2,1,2,有,有,4100000,47306,,0.0,0,,RPRNMLPLLHKFFFK88CA
頭份鎮,房地(土地+建物),苗栗縣頭份鎮建國里6鄰大同路77巷1~30號,25.28,住,,,10403,土地1建物1車位0,三層,5,住宅大樓(11層含以上有電梯),見其他登記事項,鋼筋混凝土造,1031229,76.05,2,1,2,有,有,3640000,47863,,0.0,0,,RPSNMLPLLHKFFFK98CA
頭份鎮,房地(土地+建物),苗栗縣頭份鎮建國里6鄰大同路77巷1~30號,29.7,住,,,10402,土地1建物1車位0,三層,5,華廈(10層含以下有電梯),見其他登記事項,鋼筋混凝土造,1031229,88.73,2,1,2,有,有,4200000,47335,,0.0,0,,RPTNMLPLLHKFFFK09CA
頭份鎮,房地(土地+建物),苗栗縣頭份鎮建國里6鄰大同路77巷1~30號,25.28,住,,,10403,土地1建物1車位0,四層,5,華廈(10層含以下有電梯),見其他登記事項,鋼筋混凝土造,1031229,76.05,2,1,2,有,有,3560000,46811,,0.0,0,,RPUNMLPLLHKFFFK56CA
頭份鎮,房地(土地+建物),苗栗縣頭份鎮民生里11鄰中華路571~600號,92.54,住,,,10402,土地1建物1車位0,全,4,透天厝,見其他登記事項,見其他登記事項,0980512,267.0,4,2,4,有,有,10380000,38876,,0.0,0,,RPQNMLKKMHKFFFK28CA
三灣鄉,土地,三灣段451~480地號,2301.8,,山坡地保育區,農牧用地,10402,土地5建物0車位0,,,其他,,,,0.0,0,0,0,有,無,1090000,474,,0.0,0,,RPOOMLRJMHKFFFK78CA
頭份鎮,房地(土地+建物)+車位,苗栗縣頭份鎮建國里6鄰大同路77巷1~30號,29.7,住,,,10403,土地1建物1車位1,四層,5,華廈(10層含以下有電梯),見其他登記事項,鋼筋混凝土造,1031229,120.49000000000001,2,1,2,有,有,5300000,43987,一樓平面,0.0,800000,,RPRNMLTJMHKFFFK56CA
頭份鎮,房地(土地+建物),苗栗縣頭份鎮建國里6鄰大同路77巷1~30號,29.7,住,,,10402,土地1建物1車位0,二層,5,華廈(10層含以下有電梯),見其他登記事項,鋼筋混凝土造,1031229,88.73,2,1,2,有,有,4150000,46771,,0.0,0,,RPTNMLTJMHKFFFK76CA
卓蘭鎮,土地,苗豐段241~270地號,1519.3,,特定農業區,農牧用地,10401,土地1建物0車位0,,,其他,,,,0.0,0,0,0,有,無,2400000,1580,,0.0,0,,RPPNMLOLLHKFFAK18DA
公館鄉,土地,五谷岡段241~270地號,68.0,農,,,10403,土地1建物0車位0,,,其他,,,,0.0,0,0,0,有,無,238110,3502,,0.0,0,,RPPNMLOLLHKFFBK28DA
後龍鎮,土地,新興段511~540地號,43.1,,鄉村區,乙種建築用地,10403,土地1建物0車位0,,,其他,,,,0.0,0,0,0,有,無,453000,10510,,0.0,0,向政府機關承購之案件。,RPQNMLOLLHKFFDK58DA
後龍鎮,土地,新興段511~540地號,65.54,,鄉村區,乙種建築用地,10403,土地1建物0車位0,,,其他,,,,0.0,0,0,0,有,無,688200,10500,,0.0,0,向政府機關承購之案件。,RPRNMLOLLHKFFDK68DA
後龍鎮,土地,新興段511~540地號,44.55,,鄉村區,乙種建築用地,10403,土地1建物0車位0,,,其他,,,,0.0,0,0,0,有,無,468000,10505,,0.0,0,向政府機關承購之案件。,RPSNMLOLLHKFFDK78DA
頭份鎮,房地(土地+建物),苗栗縣頭份鎮忠孝里12鄰忠孝一路69巷1弄1~30號,49.5,住,,,10403,土地2建物1車位0,一層,12,住宅大樓(11層含以上有電梯),見其他登記事項,見其他登記事項,1011212,4265.799999999999,2,2,1,有,有,6400000,1500,,0.0,0,,RPTNMLSJMHKFFFK76DA
頭份鎮,房地(土地+建物),苗栗縣頭份鎮仁愛里12鄰銀河路1~30號,6.45,住,,,10403,土地1建物1車位0,六層,7,華廈(10層含以下有電梯),住家用,鋼筋混凝土造,0840623,36.46,1,1,1,有,有,1000000,27427,,0.0,0,,RPQNMLRKMHKFFFK09DA
竹南鎮,房地(土地+建物),苗栗縣竹南鎮照南里23鄰立達街91~120號,125.26,住,,,10403,土地1建物1車位0,全,4,透天厝,見其他登記事項,鋼筋混凝土造,0980518,245.58,4,3,4,有,無,16000000,65152,,0.0,0,,RPUNMLNLLHKFFDK88DA
頭份鎮,房地(土地+建物),苗栗縣頭份鎮土牛里5鄰中正北路229巷1~30號,42.44,住,,,10312,土地1建物1車位0,三層,5,華廈(10層含以下有電梯),見其他登記事項,鋼筋混凝土造,1031222,132.62,2,2,2,有,無,5050000,38079,,0.0,0,,RPXNMLLJMHKFFFK09DA
銅鑼鄉,土地,朝東段571~600地號,40.28,農,,,10403,土地1建物0車位0,,,其他,,,,0.0,0,0,0,有,無,165000,4096,,0.0,0,地籍清理土地標售移轉,RPPNMLOKMHKFFEK58DA
頭份鎮,房地(土地+建物),苗栗縣頭份鎮蟠桃里6鄰建國路二段301~330號,23.1,住,,,10402,土地2建物1車位0,八層，九層,14,住宅大樓(11層含以上有電梯),住家用,見其他登記事項,0950503,147.78,3,2,2,有,有,6100000,41278,,0.0,0,,RPWNMLMKNHKFFFK56CA
頭份鎮,房地(土地+建物)+車位,苗栗縣頭份鎮文化里5鄰育英街1~30號,28.81,住,,,10403,土地1建物1車位1,七層,9,華廈(10層含以下有電梯),見其他登記事項,鋼筋混凝土造,1031104,134.01,3,2,2,有,有,5040000,37609,升降機械,0.0,480000,,RPVNMLPLLHKFFFK66CA
頭份鎮,房地(土地+建物)+車位,苗栗縣頭份鎮文化里5鄰育英街1~30號,28.81,住,,,10312,土地1建物1車位1,六層,9,華廈(10層含以下有電梯),見其他登記事項,鋼筋混凝土造,1031104,134.01,3,2,2,有,有,5040000,37609,升降機械,0.0,480000,,RPWNMLPLLHKFFFK76CA
頭份鎮,房地(土地+建物),苗栗縣頭份鎮蟠桃里10鄰文化街1~30號,109.26,住,,,10402,土地1建物1車位0,全,4,透天厝,住商用,鋼筋混凝土造,1011113,202.01,3,2,4,有,無,17400000,86134,,0.0,0,,RPWNMLOLLHKFFFK66CA
三灣鄉,土地,永和山段661~690地號,132.52,,山坡地保育區,農牧用地,10402,土地3建物0車位0,,,其他,,,,0.0,0,0,0,有,無,160000,1207,,0.0,0,,RPTNMLOLLHKFFFK98CA
頭份鎮,土地,僑善段601~630地號,4304.52,,鄉村區,乙種建築用地,10403,土地33建物0車位0,,,其他,,,,0.0,0,0,0,有,無,150000000,34847,,0.0,0,,RPPNMLOLLHKFFFK58CA
竹南鎮,房地(土地+建物),苗栗縣竹南鎮中華里16鄰博愛街313巷1~30號,8.95,住,,,10401,土地1建物1車位0,十八層,20,住宅大樓(11層含以上有電梯),住家用,鋼筋混凝土造,0851214,134.01999999999998,3,1,2,有,有,4330000,32309,,0.0,0,,RPQOMLKLMHKFFDK28CA
三義鄉,土地,雙連潭段451~480地號,131.0,,山坡地保育區,丙種建築用地,10402,土地1建物0車位0,,,其他,,,,0.0,0,0,0,有,無,1150000,8779,,0.0,0,,RPPNMLPLLHKFFEK58CA
通霄鎮,土地,烏眉坑段1141~1170地號,13911.48,,山坡地保育區,農牧用地,10403,土地19建物0車位0,,,其他,,,,0.0,0,0,0,有,無,2393186,172,,0.0,0,,RPTNMLMLMHKFFCK58CA
後龍鎮,土地,龍椅段421~450地號,335.03,住,,,10402,土地1建物0車位0,,,其他,,,,0.0,0,0,0,有,無,15201986,45375,,0.0,0,,RPROMLOLLHKFFDK68CA
通霄鎮,土地,五南段541~570地號,1276.55,,山坡地保育區,農牧用地,10402,土地1建物0車位0,,,其他,,,,0.0,0,0,0,有,無,2368420,1855,,0.0,0,有宗教信仰關係之特殊買賣,RPRNMLSJMHKFFCK78CA
通霄鎮,土地,五南段541~570地號,2553.1,,山坡地保育區,農牧用地,10402,土地1建物0車位0,,,其他,,,,0.0,0,0,0,有,無,4736840,1855,,0.0,0,有宗教信仰之特殊買賣,RPSNMLSJMHKFFCK88CA
通霄鎮,土地,五南段541~570地號,4865.86,,山坡地保育區,農牧用地,10402,土地1建物0車位0,,,其他,,,,0.0,0,0,0,有,無,14719200,3025,,0.0,0,,RPTNMLSJMHKFFCK98CA
苗栗市,房地(土地+建物),苗栗縣苗栗巿文聖里22鄰文發路378巷13弄31~60號,134.8,住,,,10212,土地5建物1車位0,全,3,透天厝,住家用,鋼筋混凝土造,1031110,190.38,5,2,4,有,無,7100000,37294,,0.0,0,,RPVOMLSJMHKFFBK56CA
公館鄉,土地,北河段1~30地號,2793.01,,山坡地保育區,農牧用地,10402,土地2建物0車位0,,,其他,,,,0.0,0,0,0,有,無,2900000,1038,,0.0,0,,RPPNMLRKMHKFFBK48CA
苗栗市,房地(土地+建物),苗栗縣苗栗巿文聖里22鄰文發路378巷13弄31~60號,227.19,住,,,10306,土地5建物1車位0,全,3,透天厝,住家用,鋼筋混凝土造,1031110,194.94,4,2,4,有,無,8850000,45399,,0.0,0,,RPPPMLRJMHKFFBK58CA
苗栗市,房地(土地+建物),苗栗縣苗栗巿文聖里22鄰文發路378巷13弄31~60號,142.66,住,,,10303,土地4建物1車位0,全,3,透天厝,住家用,鋼筋混凝土造,1031110,194.94,5,2,3,有,無,7380000,37858,,0.0,0,,RPXOMLRJMHKFFBK66CA
苗栗市,房地(土地+建物),苗栗縣苗栗巿文聖里22鄰文發路378巷13弄31~60號,130.61,住,,,10305,土地4建物1車位0,全,3,透天厝,住家用,鋼筋混凝土造,1031110,190.38,4,2,4,有,無,7400000,38870,,0.0,0,,RPPNMLLKMHKFFBK87CA
苗栗市,房地(土地+建物),苗栗縣苗栗巿文聖里22鄰文發路378巷13弄31~60號,129.07,住,,,10305,土地4建物1車位0,全,3,透天厝,住家用,鋼筋混凝土造,1031110,190.38,5,2,3,有,無,7602000,39931,,0.0,0,,RPQNMLLKMHKFFBK97CA
苗栗市,建物,苗栗縣苗栗巿清華里5鄰福星街1~30號,0.0,,,,10312,土地0建物1車位1,八層,10,華廈(10層含以下有電梯),住家用,鋼筋混凝土造,1031124,144.96,3,2,2,有,有,3840000,26490,坡道平面,33.07,0,,RPVNMLQJMHKFFBK88CA
苗栗市,建物,苗栗縣苗栗巿清華里5鄰福星街1~30號,0.0,,,,10312,土地0建物1車位1,八層,10,華廈(10層含以下有電梯),住家用,鋼筋混凝土造,1031124,186.97,3,2,2,有,有,5178000,27694,坡道平面,33.07,0,,RPWNMLQJMHKFFBK98CA
苗栗市,建物,苗栗縣苗栗巿清華里5鄰福星街1~30號,0.0,,,,10312,土地0建物1車位1,六層,10,華廈(10層含以下有電梯),住家用,鋼筋混凝土造,1031124,144.96,3,2,2,有,有,3756000,25911,坡道平面,33.07,0,,RPXNMLQJMHKFFBK09CA
苗栗市,建物,苗栗縣苗栗巿清華里5鄰福星街1~30號,0.0,,,,10312,土地0建物1車位1,一層,10,華廈(10層含以下有電梯),住家用,鋼筋混凝土造,1031124,137.85,3,2,2,有,有,3960000,28727,坡道平面,33.07,0,,RPOOMLQJMHKFFBK28CA
苗栗市,建物,苗栗縣苗栗巿清華里5鄰福星街1~30號,0.0,,,,10312,土地0建物1車位1,七層,10,華廈(10層含以下有電梯),住家用,鋼筋混凝土造,1031124,186.97,3,2,2,有,有,5123000,27400,坡道平面,33.07,0,,RPPOMLQJMHKFFBK38CA
苗栗市,建物,苗栗縣苗栗巿清華里5鄰福星街1~30號,0.0,,,,10312,土地0建物1車位1,六層,10,華廈(10層含以下有電梯),住家用,鋼筋混凝土造,1031124,165.06,3,2,2,有,有,4428000,26827,坡道平面,33.07,0,,RPQOMLQJMHKFFBK48CA
苗栗市,建物,苗栗縣苗栗巿清華里5鄰福星街1~30號,0.0,,,,10312,土地0建物1車位1,一層,10,華廈(10層含以下有電梯),住家用,鋼筋混凝土造,1031124,137.85,3,2,2,有,有,4050000,29380,坡道平面,33.07,0,,RPROMLQJMHKFFBK58CA
公館鄉,土地,五谷岡段991~1020地號,176.0,農,,,10402,土地1建物0車位0,,,其他,,,,0.0,0,0,0,有,無,850000,4830,,0.0,0,,RPWNMLLJMHKFFBK48CA
苗栗市,房地(土地+建物),苗栗縣苗栗巿高苗里31鄰北龍岡121~150號,213.76,,山坡地保育區,丙種建築用地,10402,土地9建物1車位0,全,4,透天厝,住家用,鋼筋混凝土造,0960831,206.25,4,2,4,有,無,9000000,43636,,0.0,0,,RPPNMLRLLHKFFBK48CA
苗栗市,房地(土地+建物),苗栗縣苗栗巿高苗里31鄰北龍岡181~210號,346.45,,山坡地保育區,丙種建築用地,10402,土地9建物1車位0,全,3,透天厝,住家用,鋼筋混凝土造,1011120,276.1,4,2,4,有,無,17200000,62296,,0.0,0,,RPQNMLRLLHKFFBK58CA
苗栗市,房地(土地+建物),苗栗縣苗栗巿玉華里15鄰玉興東街31~60號,1963.0,,特定農業區,農牧用地,10401,土地1建物1車位0,一層，二層,2,農舍,農舍,見其他登記事項,0841118,339.12,5,2,1,有,無,16000000,,,0.0,0,,RPSNMLRLLHKFFBK78CA
苗栗市,房地(土地+建物),苗栗縣苗栗巿維新里8鄰新庄街92巷42弄1~30號,165.0,,特定農業區,農牧用地,10403,土地1建物1車位0,一層,,農舍,農舍,見其他登記事項,,123.66,3,1,1,有,無,3000000,,,0.0,0,建物修繕等費用由買方負擔,RPUNMLRLLHKFFBK98CA
苗栗市,房地(土地+建物),苗栗縣苗栗巿勝利里18鄰復興路一段391~420號,498.0,農,,,10403,土地1建物1車位0,一層，二層，三層，屋頂突出物,3,農舍,農舍,鋼筋混凝土造,1030812,196.44,5,2,5,有,無,23000000,,,0.0,0,,RPVNMLRLLHKFFBK09CA
大湖鄉,土地,明湖段31~60地號,44.88,住,,,10403,土地2建物0車位0,,,其他,,,,0.0,0,0,0,有,無,771400,17188,,0.0,0,,RPQNMLPLLHKFFAK28CA
公館鄉,房地(土地+建物),苗栗縣公館鄉玉泉村11鄰玉泉301~330號,600.0,農,,,10403,土地1建物1車位0,一層，二層，三層,3,農舍,農舍,鋼筋混凝土造,1031211,211.34,5,2,3,有,無,13800000,,,0.0,0,,RPQNMLPLLHKFFBK38CA
苗栗市,房地(土地+建物),苗栗縣苗栗巿建功里33鄰大埔街1~30號,5.41,住,,,10403,土地1建物1車位0,四層,5,套房(1房1廳1衛),住家用,鋼筋混凝土造,0850520,20.509999999999998,0,0,0,無,有,725000,35349,,0.0,0,,RPRNMLOLLHKFFBK38CA
苗栗市,房地(土地+建物),苗栗縣苗栗巿建功里33鄰大埔街1~30號,5.41,住,,,10403,土地1建物1車位0,四層,5,套房(1房1廳1衛),住家用,鋼筋混凝土造,0850520,20.509999999999998,0,0,0,無,有,725000,35349,,0.0,0,,RPSNMLOLLHKFFBK48CA
苗栗市,房地(土地+建物),苗栗縣苗栗巿莊敬街1~30號,40.0,住,,,10403,土地1建物1車位0,四層,4,公寓(5樓含以下無電梯),住家用,鋼筋混凝土造,0700508,94.92,3,2,1,有,無,2980000,31395,,0.0,0,,RPVNMLOLLHKFFBK78CA
苗栗市,房地(土地+建物),苗栗縣苗栗巿文山里1鄰文山1~30號,173.5,住,,,10403,土地1建物1車位0,全,2,透天厝,住家用,鋼筋混凝土造,0991124,182.12,4,2,3,有,無,8680000,47661,,0.0,0,,RPVNMLQLLHKFFBK98CA
苗栗市,土地,恭敬段121~150地號,184.0,住,,,10403,土地2建物0車位0,,,其他,,,,0.0,0,0,0,有,無,10120000,55000,,0.0,0,,RPUOMLPLLHKFFBK88CA
苗栗市,房地(土地+建物),苗栗縣苗栗巿福安里2鄰中華路436巷1~30號,21.18,住,,,10403,土地2建物1車位0,六層,,華廈(10層含以下有電梯),住家用,鋼筋混凝土造,0820603,91.56,3,2,2,有,有,1800000,19659,,0.0,0,增值稅20801元由買方繳納,RPPNMLSLLHKFFBK58CA
苗栗市,房地(土地+建物),苗栗縣苗栗巿文聖里22鄰文發路378巷13弄31~60號,132.46,住,,,10303,土地4建物1車位0,全,3,透天厝,住家用,鋼筋混凝土造,1031110,190.38,5,2,3,有,無,7200000,37819,,0.0,0,,RPRNMLLKMHKFFBK08CA
苗栗市,房地(土地+建物),苗栗縣苗栗巿文聖里22鄰文發路378巷13弄31~60號,128.69,住,,,10304,土地4建物1車位0,全,3,透天厝,住家用,鋼筋混凝土造,1031110,190.38,5,2,3,有,無,7380000,38765,,0.0,0,,RPSNMLLKMHKFFBK18CA
苗栗市,房地(土地+建物),苗栗縣苗栗巿文聖里22鄰文發路378巷13弄31~60號,125.0,住,,,10301,土地4建物1車位0,全,3,透天厝,住家用,鋼筋混凝土造,1031110,190.38,5,2,3,有,無,6980000,36664,,0.0,0,,RPTNMLLKMHKFFBK28CA
苗栗市,房地(土地+建物),苗栗縣苗栗巿文聖里22鄰文發路378巷13弄31~60號,171.25,住,,,10301,土地4建物1車位0,全,3,透天厝,住家用,鋼筋混凝土造,1031110,251.31,5,2,3,有,無,8950000,35613,,0.0,0,,RPUNMLLKMHKFFBK38CA
苗栗市,房地(土地+建物),苗栗縣苗栗巿文聖里22鄰文發路378巷13弄31~60號,110.56,住,,,10304,土地3建物1車位0,全,3,透天厝,住家用,鋼筋混凝土造,1031110,110.26,4,2,3,有,無,7250000,65754,,0.0,0,,RPVNMLLKMHKFFBK48CA
公館鄉,土地,北河段1~30地號,2725.01,,山坡地保育區,農牧用地,10402,土地2建物0車位0,,,其他,,,,0.0,0,0,0,有,無,2900000,1064,,0.0,0,,RPQNMLRKMHKFFBK58CA
苑裡鎮,土地,慈護段631~660地號,1207.03,,鄉村區,乙種建築用地,10403,土地1建物0車位0,,,其他,,,,0.0,0,0,0,有,無,7302531,6050,,0.0,0,,RPTNMLQLLHKFFCK88CA
苗栗市,房地(土地+建物),苗栗縣苗栗巿文聖里22鄰文發路378巷13弄31~60號,132.06,住,,,10212,土地4建物1車位0,全,3,透天厝,住家用,鋼筋混凝土造,1031110,190.38,5,2,3,有,無,6950000,36506,,0.0,0,,RPXNMLLKMHKFFBK68CA
苑裡鎮,土地,泰田段451~480地號,861.0,,特定農業區,甲種建築用地,10403,土地1建物0車位0,,,其他,,,,0.0,0,0,0,有,無,11199457,13007,,0.0,0,,RPUNMLLJMHKFFCK38CA
苑裡鎮,土地,田寮段901~930地號,3134.0,,特定農業區,農牧用地,10402,土地1建物0車位0,,,其他,,,,0.0,0,0,0,有,無,7835000,2500,,0.0,0,,RPPNMLRLLHKFFCK58CA
通霄鎮,土地,內湖島段31~60地號,162.33,,一般農業區,丙種建築用地,10401,土地1建物0車位0,,,其他,,,,0.0,0,0,0,有,無,500000,3080,,0.0,0,親友、員工或其他特殊關係間之交易。,RPWNMLQLLHKFFCK56CA
竹南鎮,房地(土地+建物)+車位,苗栗縣竹南鎮中華里3鄰南榮街83巷12弄1~30號,35.19,住,,,10403,土地0建物1車位1,三層,5,華廈(10層含以下有電梯),見其他登記事項,鋼筋混凝土造,1040130,100.44999999999999,2,1,1,有,無,4080000,38415,一樓平面,9.86,600000,,RPVNMLPLLHKFFDK09CA
竹南鎮,房地(土地+建物),苗栗縣竹南鎮中華里3鄰南榮街83巷12弄1~30號,35.19,住,,,10403,土地2建物1車位0,四層,5,華廈(10層含以下有電梯),見其他登記事項,鋼筋混凝土造,1040130,97.13,2,2,1,有,無,3980000,40976,,0.0,0,,RPXNMLPLLHKFFDK66CA
竹南鎮,房地(土地+建物),苗栗縣竹南鎮中華里3鄰南榮街83巷12弄1~30號,42.45,住,,,10403,土地2建物1車位0,二層,5,華廈(10層含以下有電梯),見其他登記事項,鋼筋混凝土造,1040130,124.87,3,2,2,有,無,4680000,37479,,0.0,0,,RPOOMLPLLHKFFDK48CA
竹南鎮,房地(土地+建物),苗栗縣竹南鎮中華里3鄰南榮街83巷12弄1~30號,39.91,住,,,10403,土地2建物1車位0,二層,5,華廈(10層含以下有電梯),見其他登記事項,鋼筋混凝土造,1040130,109.9,3,2,2,有,無,4180000,38035,,0.0,0,,RPPOMLPLLHKFFDK58CA
銅鑼鄉,土地,西崗段331~360地號,2701.87,,特定農業區,農牧用地,10402,土地1建物0車位0,,,其他,,,,0.0,0,0,0,有,無,5000000,1851,,0.0,0,,RPQNMLQLLHKFFEK78CA
三義鄉,土地,雙草湖段91~120地號,1720.0,,山坡地保育區,農牧用地,10402,土地5建物0車位0,,,其他,,,,0.0,0,0,0,有,無,2030000,1180,,0.0,0,,RPRNMLQLLHKFFEK88CA
銅鑼鄉,房地(土地+建物),苗栗縣銅鑼鄉銅鑼村14鄰中正路61~90號,135.29,住,,,10402,土地2建物1車位0,全,1,透天厝,住家用,加強磚造,,85.78,2,2,2,有,無,11000000,128235,,0.0,0,含房子2,3樓未有保存登記部分,RPUNMLQLLHKFFEK56CA
竹南鎮,房地(土地+建物),苗栗縣竹南鎮正南里25鄰福德路182巷1~30號,24.04,住,,,10402,土地1建物1車位0,全,8,透天厝,住商用,鋼筋混凝土造,0860122,123.47,3,2,2,有,無,4800000,38876,,0.0,0,,RPQNMLNKMHKFFDK38CA
銅鑼鄉,土地,九湖南段391~420地號,292.01,,特定農業區,農牧用地,10403,土地1建物0車位0,,,其他,,,,0.0,0,0,0,有,無,72000,247,,0.0,0,親友、員工或其他特殊關係間之交易。,RPRNMLMJMHKFFEK38CA
西湖鄉,土地,三湖段811~840地號,15.32,,特定農業區,農牧用地,10403,土地1建物0車位0,,,其他,,,,0.0,0,0,0,有,無,30947,2020,,0.0,0,協議價購案件,RPPNMLLLMHKFFEK28CA
西湖鄉,土地,三湖段811~840地號,15.32,,特定農業區,農牧用地,10403,土地1建物0車位0,,,其他,,,,0.0,0,0,0,有,無,30947,2020,,0.0,0,協議價購案件,RPQNMLLLMHKFFEK38CA
銅鑼鄉,房地(土地+建物),苗栗縣銅鑼鄉銅鑼村24鄰民生路1~30號,1759.0,,工業區,丁種建築用地,10402,土地1建物2車位0,一層，地下層,1,工廠,見其他登記事項,見其他登記事項,,766.77,0,0,0,無,無,31000000,,,0.0,0,,RPQNMLSJMHKFFEK88CA
頭份鎮,土地,水源段211~240地號,439.74,,山坡地保育區,林業用地,10401,土地6建物0車位0,,,其他,,,,0.0,0,0,0,有,無,2000000,4548,,0.0,0,買賣標的非素地，經整體規劃設置排水設施，種植花草樹木等。,RPTNMLRLLHKFFFK66CA
三義鄉,土地,雙連潭段121~150地號,294.0,,山坡地保育區,農牧用地,10401,土地1建物0車位0,,,其他,,,,0.0,0,0,0,有,無,2668000,9075,,0.0,0,,RPRNMLPKMHKFFEK78CA
後龍鎮,房地(土地+建物),苗栗縣後龍鎮南龍里18鄰勝利街181~210號,112.0,住,,,10402,土地1建物1車位0,全,2,透天厝,住家用,鋼筋混凝土造,0711220,108.26,0,0,2,無,無,3500000,32330,,0.0,0,,RPTNMLSJMHKFFDK09CA
造橋鄉,土地,西赤崎段121~150地號,662.29,,山坡地保育區,農牧用地,10401,土地1建物0車位0,,,其他,,,,0.0,0,0,0,有,無,601000,907,,0.0,0,毗鄰土地之買賣。,RPVNMLRJMHKFFDK56CA
竹南鎮,房地(土地+建物),苗栗縣竹南鎮崎頂里20鄰和仁街61巷1~30號,23.0,,工業區,丁種建築用地,10401,土地1建物1車位0,五層,5,華廈(10層含以下有電梯),住家用,鋼筋混凝土造,1031013,107.52,3,2,2,有,無,4000000,37202,,0.0,0,,RPPOMLLMLHKFFDK28CA
竹南鎮,房地(土地+建物)+車位,苗栗縣竹南鎮山佳里8鄰龍山路三段211~240號,19.23,住,,,10403,土地1建物1車位1,一層,7,華廈(10層含以下有電梯),住家用,鋼筋混凝土造,0840927,117.2,3,2,2,有,有,3450000,29437,一樓平面,0.0,0,,RPWOMLLMLHKFFDK98CA
竹南鎮,房地(土地+建物),苗栗縣竹南鎮中港里15鄰新生路106巷16弄1~30號,10.85,住,,,10403,土地1建物1車位0,二層,5,套房(1房1廳1衛),住家用,鋼筋混凝土造,0930812,32.379999999999995,1,1,1,有,無,1230000,37986,,0.0,0,,RPQNMLKMLHKFFDK18CA
竹南鎮,房地(土地+建物),苗栗縣竹南鎮正南里28鄰福德路121~150號,92.0,住,,,10401,土地1建物1車位0,全,4,透天厝,住商用,鋼筋混凝土造,0690630,226.07,5,2,3,有,無,9000000,39811,,0.0,0,,RPTNMLQLLHKFFDK98CA
公館鄉,房地(土地+建物),苗栗縣公館鄉館東村8鄰大東路1~30號,2062.14,工,,,10312,土地2建物1車位0,一層，二層，三層,,工廠,見其他登記事項,見其他登記事項,0601001,1390.93,0,0,0,無,無,42400000,,,0.0,0,,RPVNMLNLMHKFFBK78CA
苗栗市,房地(土地+建物),苗栗縣苗栗巿清華里28鄰國華路61~90號,12.72,住,,,10402,土地1建物1車位0,,,住宅大樓(11層含以上有電梯),,,,118.39,3,2,2,有,有,2500000,21117,,0.0,0,,RPQNMLOLMHKFFBK38CA
苗栗市,房地(土地+建物),苗栗縣苗栗巿文聖里22鄰文發路378巷13弄31~60號,116.75,住,,,10305,土地2建物1車位0,全,3,透天厝,住家用,鋼筋混凝土造,1031110,220.17,4,2,3,有,無,7820000,35518,,0.0,0,,RPWNMLLKMHKFFBK58CA
苗栗市,房地(土地+建物),苗栗縣苗栗巿玉清里1鄰玉清街坡塘巷1~30號,44.56,,特定農業區,甲種建築用地,10309,土地1建物1車位0,二層,5,華廈(10層含以下有電梯),住家用,鋼筋混凝土造,1040206,105.08,3,2,2,有,無,5500000,52341,,0.0,0,,RPWNMLQLLHKFFBK09CA
公館鄉,土地,福基段511~540地號,3369.06,,山坡地保育區,農牧用地,10402,土地3建物0車位0,,,其他,,,,0.0,0,0,0,有,無,4900000,1454,,0.0,0,,RPRNMLRLLHKFFBK68CA
大湖鄉,土地,南湖段1291~1320地號,2773.0,,山坡地保育區,林業用地,10403,土地4建物0車位0,,,其他,,,,0.0,0,0,0,有,無,412000,149,,0.0,0,,RPQNMLQLLHKFFAK38CA
卓蘭鎮,土地,食水坑段571~600地號,3175.08,,山坡地保育區,農牧用地,10401,土地1建物0車位0,,,其他,,,,0.0,0,0,0,有,無,3500000,1102,,0.0,0,,RPTNMLMJMHKFFAK18CA
卓蘭鎮,土地,大坪林段361~390地號,176.33,,山坡地保育區,交通用地,10207,土地3建物0車位0,,,其他,,,,0.0,0,0,0,有,無,366667,2079,,0.0,0,,RPQNMLKMLHKFFAK97DA
頭份鎮,土地,觀音段841~870地號,149.17,,鄉村區,乙種建築用地,10402,土地2建物0車位0,,,其他,,,,0.0,0,0,0,有,無,1182200,7925,,0.0,0,,RPUNMLRJMHKFFFK66CA
頭份鎮,土地,斗煥段601~630地號,24.48,,山坡地保育區,丙種建築用地,10403,土地1建物0車位0,,,其他,,,,0.0,0,0,0,有,無,16950,692,,0.0,0,私設道路用地買方為住戶。,RPXNMLRJMHKFFFK96CA
頭份鎮,土地,東興段871~900地號,29704.0,,山坡地保育區,林業用地,10401,土地7建物0車位0,,,其他,,,,0.0,0,0,0,有,無,9150000,308,,0.0,0,,RPQNMLMJMHKFFFK38CA
頭份鎮,土地,東興段241~270地號,2510.0,,山坡地保育區,農牧用地,10401,土地1建物0車位0,,,其他,,,,0.0,0,0,0,有,無,9400000,3745,,0.0,0,尚有公設道路地,俟整地完成後再補辦移轉.,RPTNMLLMLHKFFFK78CA
頭份鎮,土地,東興段241~270地號,2510.0,,山坡地保育區,農牧用地,10401,土地1建物0車位0,,,其他,,,,0.0,0,0,0,有,無,9450000,3765,,0.0,0,尚有公設道路地.俟整地完成後再補辦移轉.,RPUNMLLMLHKFFFK88CA
大湖鄉,土地,大湖段661~690地號,2693.0,,山坡地保育區,林業用地,10403,土地2建物0車位0,,,其他,,,,0.0,0,0,0,有,無,300000,111,,0.0,0,,RPVNMLRLLHKFFAK09DA
頭份鎮,房地(土地+建物)+車位,苗栗縣頭份鎮上興里15鄰永昌街1~30號,31.24,,山坡地保育區,丙種建築用地,10401,土地1建物1車位1,七層,7,華廈(10層含以下有電梯),住家用,鋼筋混凝土造,0860827,123.99000000000001,3,2,2,有,無,2500000,20163,坡道平面,13.3,0,,RPPOMLPKMHKFFFK78CA
銅鑼鄉,土地,老雞隆段901~930地號,9772.0,,山坡地保育區,林業用地,10312,土地1建物0車位0,,,其他,,,,0.0,0,0,0,有,無,1500000,153,,0.0,0,,RPSNMLQLLHKFFEK09DA
卓蘭鎮,土地,卓蘭段2791~2820地號,3327.0,,山坡地保育區,農牧用地,10403,土地2建物0車位0,,,其他,,,,0.0,0,0,0,有,無,3900000,1172,,0.0,0,,RPPNMLQJMHKFFAK18CA
獅潭鄉,土地,竹木段421~450地號,196.97,,山坡地保育區,農牧用地,10403,土地1建物0車位0,,,其他,,,,0.0,0,0,0,有,無,100000,508,,0.0,0,,RPQNMLRLLHKFFAK48CA
大湖鄉,土地,大窩段481~510地號,145.61,,山坡地保育區,農牧用地,10403,土地1建物0車位0,,,其他,,,,0.0,0,0,0,有,無,120000,824,,0.0,0,,RPRNMLRLLHKFFAK58CA
泰安鄉,土地,細道邦段541~570地號,739.0,,,,10403,土地1建物0車位0,,,其他,,,,0.0,0,0,0,有,無,100000,135,,0.0,0,,RPTNMLRLLHKFFAK78CA
苗栗市,土地,玉清段1~30地號,41.02,住,,,10401,土地2建物0車位0,,,其他,,,,0.0,0,0,0,有,有,3250800,79249,,0.0,0,,RPWNMLRLLHKFFBK56CA
苗栗市,建物,苗栗縣苗栗巿清華里12鄰長安街39巷1~30號,0.0,,,,10401,土地0建物1車位1,三層,5,華廈(10層含以下有電梯),住家用,鋼筋混凝土造,1031211,135.33,3,2,2,有,有,2167200,16014,一樓平面,0.0,0,,RPXNMLRLLHKFFBK66CA
苗栗市,房地(土地+建物),苗栗縣苗栗巿恭敬里8鄰中正路1081~1110號,6.15,其他,,,10403,土地3建物1車位0,九層,10,套房(1房1廳1衛),住家用,鋼筋混凝土造,0960716,31.97,1,1,1,有,無,1550000,48483,,0.0,0,,RPQNMLMJMHKFFBK97CA
頭屋鄉,土地,仁隆段511~540地號,460.83,,森林區,農牧用地,10403,土地2建物0車位0,,,其他,,,,0.0,0,0,0,有,無,107835,234,,0.0,0,,RPSNMLOLMHKFFBK58CA
通霄鎮,土地,內島段721~750地號,52.04,,山坡地保育區,農牧用地,10403,土地1建物0車位0,,,其他,,,,0.0,0,0,0,有,無,100000,1922,,0.0,0,,RPUNMLQLLHKFFCK98CA
苑裡鎮,土地,舊社段541~570地號,2588.0,,特定農業區,農牧用地,10403,土地1建物0車位0,,,其他,,,,0.0,0,0,0,有,無,7764000,3000,,0.0,0,,RPVNMLQLLHKFFCK09CA
頭屋鄉,土地,仁隆段751~780地號,2213.0,其他,,,10402,土地6建物0車位0,,,其他,,,,0.0,0,0,0,有,無,13040000,5892,,0.0,0,本案件三連件,RPPOMLTJMHKFFBK68CA
苑裡鎮,土地,社柑段301~330地號,946.81,,特定農業區,農牧用地,10403,土地1建物0車位0,,,其他,,,,0.0,0,0,0,有,無,11500000,12146,,0.0,0,含增建或未登記建物。,RPPOMLQLLHKFFCK58CA
通霄鎮,土地,北勢窩段181~210地號,368.67,,山坡地保育區,丙種建築用地,10403,土地1建物0車位0,,,其他,,,,0.0,0,0,0,有,無,700466,1900,,0.0,0,親友、員工或其他特殊關係間之交易。,RPTNMLLJMHKFFCK28CA
通霄鎮,土地,北勢窩段961~990地號,4956.5,,山坡地保育區,農牧用地,10403,土地1建物0車位0,,,其他,,,,0.0,0,0,0,有,無,1982606,400,,0.0,0,親友、員工或其他特殊關係間之交易。,RPVNMLLJMHKFFCK48CA
通霄鎮,土地,北勢窩段961~990地號,4042.5,,山坡地保育區,農牧用地,10403,土地1建物0車位0,,,其他,,,,0.0,0,0,0,有,無,2021250,500,,0.0,0,親友、員工或其他特殊關係間之交易。,RPWNMLLJMHKFFCK58CA
通霄鎮,土地,大坪頂段661~690地號,2855.0,,一般農業區,農牧用地,10403,土地2建物0車位0,,,其他,,,,0.0,0,0,0,有,無,4000000,1401,,0.0,0,,RPQNMLTJMHKFFCK78CA
竹南鎮,房地(土地+建物),苗栗縣竹南鎮營盤里22鄰萬福街1~30號,84.94,住,,,10403,土地2建物1車位0,全,4,透天厝,住家用,鋼筋混凝土造,1040116,190.19,4,2,3,有,無,8230000,43273,,0.0,0,,RPRNMLKMLHKFFDK28CA
竹南鎮,房地(土地+建物),苗栗縣竹南鎮營盤里22鄰萬福街31~60號,86.05,住,,,10403,土地1建物1車位0,全,4,透天厝,住家用,鋼筋混凝土造,1040116,190.19,4,2,3,有,無,8180000,43010,,0.0,0,,RPVNMLRLLHKFFDK66CA
竹南鎮,房地(土地+建物),苗栗縣竹南鎮營盤里22鄰萬福街31~60號,86.05,住,,,10403,土地1建物1車位0,全,4,透天厝,住家用,鋼筋混凝土造,1040116,190.19,4,3,2,有,無,8180000,43010,,0.0,0,,RPXNMLRLLHKFFDK86CA
竹南鎮,房地(土地+建物),苗栗縣竹南鎮營盤里22鄰萬福街1~30號,88.0,住,,,10403,土地1建物1車位0,全,4,透天厝,住家用,鋼筋混凝土造,1040116,194.91,5,2,3,有,無,8280000,42481,,0.0,0,,RPTOMLRLLHKFFDK56CA
竹南鎮,房地(土地+建物),苗栗縣竹南鎮營盤里22鄰南榮街61~90號,109.64,住,,,10403,土地2建物1車位0,全,4,透天厝,住家用,鋼筋混凝土造,1040116,206.84,5,2,3,有,無,8500000,41095,,0.0,0,,RPVOMLRLLHKFFDK76CA
竹南鎮,房地(土地+建物),苗栗縣竹南鎮營盤里22鄰南榮街61~90號,90.21,住,,,10403,土地2建物1車位0,全,4,透天厝,住家用,鋼筋混凝土造,1040116,221.18,4,2,3,有,無,8380000,37888,,0.0,0,,RPXOMLRLLHKFFDK96CA
竹南鎮,房地(土地+建物),苗栗縣竹南鎮營盤里22鄰南榮街61~90號,93.32,住,,,10403,土地2建物1車位0,全,4,透天厝,住家用,鋼筋混凝土造,1040116,194.97,4,3,2,有,無,8320000,42673,,0.0,0,,RPRPMLRLLHKFFDK09CA
後龍鎮,土地,灣瓦段541~570地號,6054.0,,山坡地保育區,農牧用地,10312,土地1建物0車位0,,,其他,,,,0.0,0,0,0,有,無,4000000,661,,0.0,0,親友、員工或其他特殊關係間之交易。,RPPNMLTLLHKFFDK88CA
竹南鎮,房地(土地+建物),苗栗縣竹南鎮正南里25鄰福德路208巷1~30號,24.56,住,,,10403,土地1建物1車位0,七層,8,華廈(10層含以下有電梯),住家用,鋼筋混凝土造,0860122,127.53999999999999,4,2,2,有,無,4560000,35753,,0.0,0,,RPWNMLKMLHKFFDK78CA
後龍鎮,土地,苦苓腳段3781~3810地號,1083.0,,特定農業區,農牧用地,10402,土地1建物0車位0,,,其他,,,,0.0,0,0,0,有,無,2620000,2419,,0.0,0,,RPPNMLLMLHKFFDK18CA
後龍鎮,土地,苦苓腳段3781~3810地號,1083.0,,特定農業區,農牧用地,10402,土地1建物0車位0,,,其他,,,,0.0,0,0,0,有,無,2620000,2419,,0.0,0,,RPQNMLLMLHKFFDK28CA
竹南鎮,土地,鹽館前段山子坪小段31~60地號,165.14,住,,,10310,土地1建物0車位0,,,其他,,,,0.0,0,0,0,有,無,2179846,13200,,0.0,0,二等親買賣,RPTNMLLJMHKFFDK38CA
銅鑼鄉,土地,三座厝段391~420地號,202.5,,特定農業區,農牧用地,10403,土地1建物0車位0,,,其他,,,,0.0,0,0,0,有,無,150000,741,,0.0,0,,RPPNMLKMLHKFFEK18CA
銅鑼鄉,土地,樟樹段481~510地號,4896.79,,山坡地保育區,農牧用地,10312,土地10建物0車位0,,,其他,,,,0.0,0,0,0,有,無,2008384,410,,0.0,0,親友、員工或其他特殊關係間之交易。,RPPNMLLJMHKFFEK08CA
三義鄉,土地,三叉段541~570地號,1979.0,,山坡地保育區,農牧用地,10403,土地1建物0車位0,,,其他,,,,0.0,0,0,0,有,無,3891209,1966,,0.0,0,,RPRNMLSJMHKFFEK98CA
三義鄉,土地,雙草湖段511~540地號,2909.0,,山坡地保育區,農牧用地,10403,土地1建物0車位0,,,其他,,,,0.0,0,0,0,有,無,3950000,1358,,0.0,0,,RPQNMLNKMHKFFEK48CA
銅鑼鄉,土地,朝西段61~90地號,4575.21,,特定農業區,農牧用地,10402,土地6建物0車位0,,,其他,,,,0.0,0,0,0,有,無,6000000,1311,,0.0,0,,RPUNMLMJMHKFFEK68CA
三灣鄉,土地,銅鑼圈段大銅鑼圈小段1~30地號,461.0,,山坡地保育區,農牧用地,10403,土地3建物0車位0,,,其他,,,,0.0,0,0,0,有,無,700000,1518,,0.0,0,,RPUNMLRLLHKFFFK76CA
三灣鄉,土地,灣中段451~480地號,251.61,住,,,10403,土地2建物0車位0,,,其他,,,,0.0,0,0,0,有,無,3600000,14308,,0.0,0,,RPVNMLRLLHKFFFK86CA
頭份鎮,房地(土地+建物),苗栗縣頭份鎮仁愛里11鄰和平路1~30號,7.33,商,,,10402,土地1建物1車位0,一層，騎樓,10,華廈(10層含以下有電梯),商業用,鋼筋混凝土造,0821021,89.77,1,1,1,有,無,3900000,43444,,0.0,0,,RPPNMLRLLHKFFFK88CA
頭份鎮,房地(土地+建物),苗栗縣頭份鎮蟠桃里10鄰中央路523巷1~30號,7.17,住,,,10403,土地2建物1車位0,四層,7,套房(1房1廳1衛),住家用,見其他登記事項,0961002,33.03,1,1,1,有,無,1510000,45716,,0.0,0,,RPQNMLRLLHKFFFK98CA
頭份鎮,房地(土地+建物)+車位,苗栗縣頭份鎮蟠桃里10鄰信三街91~120號,15.43,住,,,10402,土地1建物1車位1,六層,6,華廈(10層含以下有電梯),見其他登記事項,見其他登記事項,0980825,56.06,2,1,1,有,有,3450000,61541,坡道平面,1.61,0,,RPUNMLKMLHKFFFK78CA
頭份鎮,房地(土地+建物),苗栗縣頭份鎮後庄里18鄰信義路539巷1~30號,76.96,住,,,10402,土地1建物1車位0,全,2,透天厝,住家用,加強磚造,0730615,100.95,3,1,3,有,無,5100000,50520,,0.0,0,,RPWNMLLMLHKFFFK09CA
頭份鎮,房地(土地+建物)+車位,苗栗縣頭份鎮頭份里21鄰武昌街31~60號,21.15,住,,,10403,土地1建物1車位1,七層,7,華廈(10層含以下有電梯),住家用,鋼筋混凝土造,0820915,118.97,3,1,2,有,有,3700000,31100,坡道機械,0.0,0,,RPXNMLLMLHKFFFK56CA
造橋鄉,房地(土地+建物),苗栗縣造橋鄉豐湖村3鄰北苑31~60號,142.14,,山坡地保育區,丙種建築用地,10403,土地3建物1車位0,全,2,透天厝,住家用,見其他登記事項,0661228,90.64,3,2,2,有,無,3430000,37842,,0.0,0,,RPQOMLMJMHKFFDK28CA
後龍鎮,土地,大山腳段181~210地號,2.25,,特定農業區,交通用地,10403,土地1建物0車位0,,,其他,,,,0.0,0,0,0,有,無,6818,3030,,0.0,0,協議價購,RPUNMLKKMHKFFDK48CA
後龍鎮,土地,大山腳段181~210地號,2.25,,特定農業區,交通用地,10403,土地1建物0車位0,,,其他,,,,0.0,0,0,0,有,無,6818,3030,,0.0,0,協議價購,RPVNMLKKMHKFFDK58CA
後龍鎮,土地,大山腳段181~210地號,24.0,,特定農業區,交通用地,10403,土地2建物0車位0,,,其他,,,,0.0,0,0,0,有,無,72720,3030,,0.0,0,協議價購,RPWNMLKKMHKFFDK68CA
後龍鎮,土地,大山腳段181~210地號,2.25,,特定農業區,交通用地,10403,土地1建物0車位0,,,其他,,,,0.0,0,0,0,有,無,6818,3030,,0.0,0,協議價購,RPXNMLKKMHKFFDK78CA
竹南鎮,房地(土地+建物)+車位,苗栗縣竹南鎮中華里18鄰文林街31~60號,10.88,住,,,10402,土地1建物2車位1,九層,16,住宅大樓(11層含以上有電梯),住家用,鋼筋混凝土造,0830521,145.54,3,1,2,有,有,4800000,32983,其他,0.0,0,本標的含地下二樓,RPWNMLLMLHKFFDK88CA
造橋鄉,房地(土地+建物),苗栗縣造橋鄉談文村5鄰育英三街1~30號,16.9,,山坡地保育區,丙種建築用地,10403,土地1建物1車位0,三層,4,套房(1房1廳1衛),住家用,鋼筋混凝土造,0920716,27.560000000000002,1,0,1,有,無,400000,14514,,0.0,0,,RPXNMLLMLHKFFDK98CA
竹南鎮,房地(土地+建物),苗栗縣竹南鎮山佳里29鄰龍山路三段200巷5弄1~30號,9.88,住,,,10402,土地1建物1車位0,四層,5,套房(1房1廳1衛),住家用,鋼筋混凝土造,0950830,33.67,1,1,1,有,無,1280000,38016,,0.0,0,,RPOOMLLMLHKFFDK18CA
後龍鎮,土地,新港段埔頂小段1501~1530地號,1000.0,,特定農業區,農牧用地,10401,土地1建物0車位0,,,其他,,,,0.0,0,0,0,有,無,1800000,1800,,0.0,0,親友、員工或其他特殊關係間之交易。,RPSNMLLJMHKFFDK28CA
竹南鎮,土地,東崎頂段1411~1440地號,1192.1,,特定農業區,農牧用地,10402,土地1建物0車位0,,,其他,,,,0.0,0,0,0,有,無,3576299,3000,,0.0,0,親友關係間之交易。,RPTNMLKMLHKFFDK48CA
竹南鎮,土地,東崎頂段1411~1440地號,706.39,,特定農業區,農牧用地,10402,土地1建物0車位0,,,其他,,,,0.0,0,0,0,有,無,2119170,3000,,0.0,0,親友關係間之交易。,RPUNMLKMLHKFFDK58CA
竹南鎮,土地,東崎頂段1411~1440地號,626.29,,特定農業區,甲種建築用地,10312,土地3建物0車位0,,,其他,,,,0.0,0,0,0,有,無,3070000,4902,,0.0,0,親友關係間之交易。,RPVNMLKMLHKFFDK68CA
竹南鎮,土地,西崎頂段961~990地號,40.24,,一般農業區,甲種建築用地,10403,土地1建物0車位0,,,其他,,,,0.0,0,0,0,有,無,60000,1491,,0.0,0,瑕疵物件之交易。,RPOOMLLJMHKFFDK97CA
苑裡鎮,土地,苑東段721~750地號,109.41,商,,,10403,土地1建物0車位0,,,其他,,,,0.0,0,0,0,有,無,3309652,30250,,0.0,0,,RPRNMLOKMHKFFCK48CA
苑裡鎮,土地,田中段1471~1500地號,243.33,,特定農業區,甲種建築用地,10403,土地2建物0車位0,,,其他,,,,0.0,0,0,0,有,無,4000000,16439,,0.0,0,,RPQNMLPKMHKFFCK48CA
竹南鎮,土地,仁德段1051~1080地號,258.11,其他,,,10403,土地1建物0車位0,,,其他,,,,0.0,0,0,0,有,無,758000,2937,,0.0,0,,RPTNMLRLLHKFFDK09CA
苗栗市,房地(土地+建物),苗栗縣苗栗巿文聖里22鄰文發路378巷13弄31~60號,132.51,住,,,10305,土地5建物1車位0,全,3,透天厝,住家用,鋼筋混凝土造,1031110,190.38,4,2,4,有,無,7380000,38765,,0.0,0,,RPXOMLSJMHKFFBK76CA
苗栗市,房地(土地+建物),苗栗縣苗栗巿南勢里11鄰坪頂西91~120號,218.61,,山坡地保育區,丙種建築用地,10401,土地1建物1車位0,全,,透天厝,住家用,鋼筋混凝土造,,119.78,3,2,2,有,無,3000000,25046,,0.0,0,,RPPNMLQJMHKFFBK28CA
公館鄉,土地,尖山段421~450地號,275.25,,山坡地保育區,農牧用地,10403,土地1建物0車位0,,,其他,,,,0.0,0,0,0,有,無,416315,1512,,0.0,0,親友、員工或其他特殊關係間之交易。持分土地之買賣。,RPSNMLLMLHKFFBK28CA
苗栗市,房地(土地+建物),苗栗縣苗栗巿維新里20鄰新東街379巷1~30號,88.0,,鄉村區,乙種建築用地,10403,土地1建物1車位0,全,1,透天厝,住家用,見其他登記事項,0580716,52.91,1,1,2,有,無,2000000,37800,,0.0,0,,RPUNMLLMLHKFFBK48CA
公館鄉,土地,館興段151~180地號,32.76,住,,,10403,土地1建物0車位0,,,其他,,,,0.0,0,0,0,有,無,792792,24200,,0.0,0,,RPPNMLOLMHKFFBK38DA
三灣鄉,土地,崁頂寮段691~720地號,11658.0,,山坡地保育區,林業用地,10403,土地1建物0車位0,,,其他,,,,0.0,0,0,0,有,無,7000000,600,,0.0,0,,RPOOMLLMLHKFFFK48DA
泰安鄉,土地,跋阿諾乎段61~90地號,128.48,,鄉村區,乙種建築用地,10403,土地1建物0車位0,,,其他,,,,0.0,0,0,0,有,無,270000,2101,,0.0,0,,RPPNMLLJMHKFFAK77DA
公館鄉,土地,福基段511~540地號,963.0,,山坡地保育區,林業用地,10403,土地1建物0車位0,,,其他,,,,0.0,0,0,0,有,無,3500000,3634,,0.0,0,含增建或未登記建物。,RPTNMLMLMHKFFBK58DA
頭份鎮,土地,新興段931~960地號,122.09,,特定農業區,農牧用地,10403,土地6建物0車位0,,,其他,,,,0.0,0,0,0,有,無,553950,4537,,0.0,0,,RPQNMLKMLHKFFFK38CA
頭份鎮,房地(土地+建物),苗栗縣頭份鎮頭份里16鄰中正路231巷2弄1~30號,144.0,住,,,10403,土地2建物1車位0,全,4,透天厝,住家用,鋼筋混凝土造,0800108,333.76,5,2,2,有,無,8000000,23969,,0.0,0,親友、員工或其他特殊關係間之交易。,RPSNMLRJMHKFFFK09CA
頭份鎮,土地,民族段1081~1110地號,358.56,其他,,,10403,土地2建物0車位0,,,其他,,,,0.0,0,0,0,有,無,2700000,7530,,0.0,0,(包含)公共設施保留地之交易。,RPPNMLKKMHKFFFK18CA
頭份鎮,房地(土地+建物),苗栗縣頭份鎮民權里2鄰東民路60巷1~30號,28.94,住,,,10401,土地1建物1車位0,四層,5,公寓(5樓含以下無電梯),住家用,鋼筋混凝土造,0701015,81.13,3,2,2,有,無,2100000,25884,,0.0,0,,RPVNMLLMLHKFFFK98CA
頭份鎮,土地,信義段1201~1230地號,70.21,住,,,10403,土地1建物0車位0,,,其他,,,,0.0,0,0,0,有,無,4280000,60960,,0.0,0,,RPVNMLMJMHKFFFK88CA
公館鄉,土地,北河段241~270地號,1000.0,,山坡地保育區,林業用地,10403,土地1建物0車位0,,,其他,,,,0.0,0,0,0,有,無,160000,160,,0.0,0,,RPWOMLMLMHKFFBK98DA
卓蘭鎮,土地,中角段1111~1140地號,1539.7,其他,,,10403,土地17建物0車位0,,,其他,,,,0.0,0,0,0,有,無,30273100,19662,,0.0,0,,RPQNMLLLMHKFFAK08DA
獅潭鄉,土地,獅潭段新店小段241~270地號,3781.0,,山坡地保育區,農牧用地,10312,土地6建物0車位0,,,其他,,,,0.0,0,0,0,有,無,907440,240,,0.0,0,,RPPNMLKMLHKFFAK87DA
通霄鎮,土地,北梅段781~810地號,141.11,,山坡地保育區,丙種建築用地,10403,土地4建物0車位0,,,其他,,,,0.0,0,0,0,有,無,1280400,9074,,0.0,0,,RPPNMLRJMHKFFCK58DA
獅潭鄉,土地,八角林631~660地號,1000.0,,山坡地保育區,林業用地,10403,土地1建物0車位0,,,其他,,,,0.0,0,0,0,有,無,228000,228,,0.0,0,,RPSNMLMJMHKFFAK08CA
苗栗市,土地,南勢坑段下南勢坑小段301~330地號,949.5,,山坡地保育區,農牧用地,10403,土地1建物0車位0,,,其他,,,,0.0,0,0,0,有,無,2200000,2317,,0.0,0,增值稅新台幣23690元由權利人繳納,RPQNMLPJMHKFFBK28CA
苗栗市,房地(土地+建物),苗栗縣苗栗巿福星里5鄰福星街181~210號,221.36,住,,,10401,土地1建物1車位0,全,,透天厝,住商用,加強磚造,,176.7,3,2,3,有,無,6248252,35361,,0.0,0,親友、員工或其他特殊關係間之交易。,RPOPMLRJMHKFFBK48CA
公館鄉,土地,石椄q181~210地號,3220.62,,特定農業區,農牧用地,10402,土地2建物0車位0,,,其他,,,,0.0,0,0,0,有,無,9255185,2874,,0.0,0,,RPPNMLMKMHKFFBK97CA
苑裡鎮,土地,藍田段931~960地號,485.86,,特定農業區,農牧用地,10401,土地1建物0車位0,,,其他,,,,0.0,0,0,0,有,無,1960000,4034,,0.0,0,,RPRNMLQKMHKFFCK68CA
苑裡鎮,土地,社柑段661~690地號,1830.22,,特定農業區,農牧用地,10402,土地1建物0車位0,,,其他,,,,0.0,0,0,0,有,無,7418000,4053,,0.0,0,,RPRNMLLMLHKFFCK28CA
竹南鎮,房地(土地+建物)+車位,苗栗縣竹南鎮營盤里22鄰萬福街33巷1~30號,51.11,住,,,10403,土地2建物1車位1,二層,5,華廈(10層含以下有電梯),見其他登記事項,鋼筋混凝土造,1040203,151.03,3,2,2,有,無,5580000,37256,一樓平面,7.16,220000,,RPQOMLLJMHKFFDK18CA
竹南鎮,房地(土地+建物)+車位,苗栗縣竹南鎮營盤里22鄰萬福街33巷1~30號,34.49,住,,,10403,土地2建物1車位1,二層,5,華廈(10層含以下有電梯),見其他登記事項,鋼筋混凝土造,1040203,102.34,3,2,1,有,無,4180000,37613,一樓平面,7.16,600000,,RPTOMLLJMHKFFDK48CA
竹南鎮,房地(土地+建物)+車位,苗栗縣竹南鎮營盤里22鄰萬福街33巷1~30號,41.14,住,,,10403,土地2建物1車位1,二層,5,華廈(10層含以下有電梯),見其他登記事項,鋼筋混凝土造,1040203,122.71,3,2,2,有,無,4680000,35309,一樓平面,7.16,600000,,RPVOMLLJMHKFFDK68CA
竹南鎮,房地(土地+建物)+車位,苗栗縣竹南鎮營盤里22鄰萬福街33巷1~30號,41.14,住,,,10403,土地2建物1車位1,三層,5,華廈(10層含以下有電梯),見其他登記事項,鋼筋混凝土造,1040203,113.92,3,2,2,有,無,4600000,37467,一樓平面,7.16,600000,,RPOPMLLJMHKFFDK08CA
竹南鎮,房地(土地+建物),苗栗縣竹南鎮營盤里22鄰萬福街33巷1~30號,34.49,住,,,10403,土地2建物1車位0,三層,5,華廈(10層含以下有電梯),見其他登記事項,鋼筋混凝土造,1040203,95.17,3,1,1,有,無,3600000,37827,,0.0,0,,RPRPMLLJMHKFFDK38CA
竹南鎮,房地(土地+建物)+車位,苗栗縣竹南鎮營盤里22鄰萬福街33巷1~30號,51.11,住,,,10403,土地2建物1車位1,三層,5,華廈(10層含以下有電梯),見其他登記事項,鋼筋混凝土造,1040203,134.91,4,2,2,有,無,5380000,37417,一樓平面,7.16,600000,,RPPNMLNJMHKFFDK18CA
西湖鄉,土地,鴨母坑段1231~1260地號,688.0,,,,10403,土地1建物0車位0,,,其他,,,,0.0,0,0,0,有,無,416000,605,,0.0,0,,RPSNMLLJMHKFFEK38CA
西湖鄉,土地,鴨母坑段1231~1260地號,1874.0,,山坡地保育區,農牧用地,10403,土地1建物0車位0,,,其他,,,,0.0,0,0,0,有,無,1133780,605,,0.0,0,,RPTNMLLJMHKFFEK48CA
銅鑼鄉,土地,九湖南段151~180地號,3500.0,,山坡地保育區,農牧用地,10402,土地1建物0車位0,,,其他,,,,0.0,0,0,0,有,無,5611375,1603,,0.0,0,,RPOOMLLJMHKFFEK08CA
銅鑼鄉,土地,九湖北段931~960地號,2600.0,,山坡地保育區,農牧用地,10403,土地1建物0車位0,,,其他,,,,0.0,0,0,0,有,無,3539250,1361,,0.0,0,,RPPOMLLJMHKFFEK18CA
三義鄉,土地,重河段1~30地號,344.82,工,,,10403,土地3建物0車位0,,,其他,,,,0.0,0,0,0,有,無,7100000,20590,,0.0,0,(包含)公共設施保留地之交易。,RPQNMLKMLHKFFEK28CA
銅鑼鄉,土地,三座厝段241~270地號,2560.0,,山坡地保育區,農牧用地,10401,土地1建物0車位0,,,其他,,,,0.0,0,0,0,有,無,6888000,2691,,0.0,0,總價含道路持分~等全區規劃完畢開始過戶,RPPNMLLMLHKFFEK28CA
三灣鄉,土地,大坪林段241~270地號,885.0,,山坡地保育區,農牧用地,10403,土地1建物0車位0,,,其他,,,,0.0,0,0,0,有,無,850000,960,,0.0,0,,RPPNMLLJMHKFFFK18CA
南庄鄉,土地,四灣段451~480地號,2826.0,,一般農業區,農牧用地,10403,土地3建物0車位0,,,其他,,,,0.0,0,0,0,有,無,11540000,4084,,0.0,0,,RPRNMLLJMHKFFFK38CA
頭份鎮,房地(土地+建物)+車位,苗栗縣頭份鎮頭份里17鄰顯會路1~30號,20.11,住,,,10402,土地2建物1車位1,六層,7,華廈(10層含以下有電梯),住家用,鋼筋混凝土造,0830518,128.62,3,2,2,有,有,4100000,31877,坡道平面,0.0,0,,RPWNMLLJMHKFFFK88CA
頭份鎮,土地,湳湖段91~120地號,2500.0,,,,10403,土地1建物0車位0,,,其他,,,,0.0,0,0,0,有,無,933000,373,,0.0,0,,RPWOMLLJMHKFFFK98CA
頭份鎮,土地,湳湖段91~120地號,5068.16,,,,10403,土地2建物0車位0,,,其他,,,,0.0,0,0,0,有,無,4814000,950,,0.0,0,,RPXOMLLJMHKFFFK09CA
頭份鎮,土地,湳湖段91~120地號,7500.0,,,,10403,土地3建物0車位0,,,其他,,,,0.0,0,0,0,有,無,6191000,825,,0.0,0,,RPPPMLLJMHKFFFK38CA
頭份鎮,房地(土地+建物),苗栗縣頭份鎮東庄里22鄰上庄路46巷1~30號,71.57,住,,,10403,土地2建物1車位0,全,5,透天厝,住家用,鋼筋混凝土造,0831213,141.56,4,1,2,有,無,5430000,38358,,0.0,0,,RPPNMLMJMHKFFFK28CA
頭份鎮,房地(土地+建物),苗栗縣頭份鎮合興里11鄰合興街91~120號,124.18,住,,,10403,土地1建物1車位0,全,4,透天厝,住家用,見其他登記事項,0970624,276.06,4,2,4,有,無,15400000,55785,,0.0,0,,RPSNMLLMLHKFFFK68CA
銅鑼鄉,土地,福安段841~870地號,302.35,,特定農業區,農牧用地,10403,土地2建物0車位0,,,其他,,,,0.0,0,0,0,有,無,500000,1654,,0.0,0,,RPROMLLJMHKFFEK38CA
西湖鄉,土地,二湖段1201~1230地號,1695.2,,工業區,丁種建築用地,10402,土地2建物0車位0,,,其他,,,,0.0,0,0,0,有,無,9500000,5604,,0.0,0,,RPSOMLLJMHKFFEK48CA
西湖鄉,土地,鴨母坑段1021~1050地號,13475.0,,山坡地保育區,暫未編定,10312,土地4建物0車位0,,,其他,,,,0.0,0,0,0,有,無,9080000,674,,0.0,0,,RPRNMLNLMHKFFEK68CA
造橋鄉,土地,龍昇段91~120地號,932.0,,,,10403,土地1建物0車位0,,,其他,,,,0.0,0,0,0,有,無,1398000,1500,,0.0,0,,RPXNMLKMMHKFFDK98CA
銅鑼鄉,土地,老雞隆段991~1020地號,3656.0,,山坡地保育區,農牧用地,10403,土地1建物0車位0,,,其他,,,,0.0,0,0,0,有,無,6880000,1882,,0.0,0,,RPQOMLLJMHKFFEK28CA
造橋鄉,房地(土地+建物),苗栗縣造橋鄉大西村2鄰慈聖路二段257巷1~30號,87.58,,山坡地保育區,丙種建築用地,10403,土地2建物1車位0,全,4,透天厝,住家用,鋼筋混凝土造,0840801,177.78,4,2,3,有,無,3650000,20531,,0.0,0,,RPSNMLRJMHKFFDK88CA
後龍鎮,土地,苦苓腳段1471~1500地號,1320.0,農,,,10403,土地1建物0車位0,,,其他,,,,0.0,0,0,0,有,無,1700000,1288,,0.0,0,,RPWNMLRJMHKFFDK66CA
竹南鎮,房地(土地+建物)+車位,苗栗縣竹南鎮中華里3鄰南榮街83巷12弄1~30號,46.66,住,,,10403,土地2建物1車位1,四層,5,華廈(10層含以下有電梯),見其他登記事項,鋼筋混凝土造,1040130,128.19,3,2,2,有,無,5150000,38452,一樓平面,9.86,600000,,RPVOMLRJMHKFFDK66CA
竹南鎮,土地,海口段港子墘小段541~570地號,166.57,農,,,10403,土地1建物0車位0,,,其他,,,,0.0,0,0,0,有,無,800000,4803,,0.0,0,,RPUNMLLJMHKFFDK48CA
竹南鎮,房地(土地+建物),苗栗縣竹南鎮正南里3鄰環市路一段138巷2弄1~30號,12.84,住,,,10401,土地1建物1車位0,十四層,16,住宅大樓(11層含以上有電梯),住家用,鋼筋混凝土造,0841125,138.43,3,2,2,有,有,4500000,32507,,0.0,0,,RPVNMLLJMHKFFDK58CA
竹南鎮,土地,博愛段31~60地號,92.44,,鄉村區,乙種建築用地,10403,土地1建物0車位0,,,其他,,,,0.0,0,0,0,有,無,758008,8200,,0.0,0,親友、員工或其他特殊關係間之交易。,RPWNMLLJMHKFFDK68CA
造橋鄉,土地,平興段271~300地號,211.05,,山坡地保育區,丙種建築用地,10403,土地1建物0車位0,,,其他,,,,0.0,0,0,0,有,無,330000,1564,,0.0,0,堂兄弟   無立買賣契約,RPOOMLSJMHKFFDK68CA
竹南鎮,房地(土地+建物),苗栗縣竹南鎮中華里18鄰文林街31~60號,11.04,住,,,10403,土地1建物1車位0,九層,16,住宅大樓(11層含以上有電梯),住家用,鋼筋混凝土造,0830521,121.14,3,2,2,有,有,3800000,31369,,0.0,0,,RPUNMLTJMHKFFDK66CA
竹南鎮,房地(土地+建物)+車位,苗栗縣竹南鎮營盤里22鄰萬福街33巷1~30號,41.14,住,,,10403,土地2建物1車位1,三層,5,華廈(10層含以下有電梯),見其他登記事項,鋼筋混凝土造,1040203,109.82,3,1,2,有,無,4910000,41983,一樓平面,7.16,600000,,RPWPMLLJMHKFFDK88CA
竹南鎮,房地(土地+建物),苗栗縣竹南鎮營盤里22鄰萬福街33巷1~30號,34.49,住,,,10403,土地2建物1車位0,四層,5,華廈(10層含以下有電梯),見其他登記事項,鋼筋混凝土造,1040203,95.17,3,2,1,有,無,3700000,38878,,0.0,0,,RPOQMLLJMHKFFDK18CA
竹南鎮,房地(土地+建物)+車位,苗栗縣竹南鎮營盤里22鄰萬福街33巷1~30號,51.11,住,,,10403,土地2建物1車位1,四層,5,華廈(10層含以下有電梯),見其他登記事項,鋼筋混凝土造,1040203,151.03,4,2,2,有,無,5420000,33502,一樓平面,7.16,600000,,RPQQMLLJMHKFFDK38CA
竹南鎮,房地(土地+建物),苗栗縣竹南鎮營盤里22鄰萬福街33巷1~30號,34.49,住,,,10403,土地2建物1車位0,五層,5,華廈(10層含以下有電梯),見其他登記事項,鋼筋混凝土造,1040203,95.17,3,1,1,有,無,3520000,36986,,0.0,0,,RPSQMLLJMHKFFDK58CA
竹南鎮,房地(土地+建物)+車位,苗栗縣竹南鎮營盤里22鄰萬福街33巷1~30號,51.11,住,,,10403,土地2建物1車位1,五層,5,華廈(10層含以下有電梯),見其他登記事項,鋼筋混凝土造,1040203,151.03,3,2,2,有,無,5200000,32321,一樓平面,7.16,550000,,RPUQMLLJMHKFFDK78CA
竹南鎮,房地(土地+建物),苗栗縣竹南鎮營盤里22鄰萬福街33巷1~30號,34.49,住,,,10403,土地2建物1車位0,五層,5,華廈(10層含以下有電梯),見其他登記事項,鋼筋混凝土造,1040203,102.34,3,1,1,有,無,3800000,37131,,0.0,0,,RPWQMLLJMHKFFDK98CA
竹南鎮,房地(土地+建物),苗栗縣竹南鎮竹興里7鄰復興路406巷1~30號,21.94,,鄉村區,乙種建築用地,10310,土地1建物1車位0,一層,5,華廈(10層含以下有電梯),見其他登記事項,鋼筋混凝土造,1040212,70.4,2,1,1,有,無,3560000,50568,,0.0,0,,RPPNMLMJMHKFFDK08CA
竹南鎮,房地(土地+建物),苗栗縣竹南鎮竹興里7鄰復興路406巷1~30號,22.73,,鄉村區,乙種建築用地,10310,土地1建物1車位0,三層,5,華廈(10層含以下有電梯),見其他登記事項,鋼筋混凝土造,1040212,72.92,2,1,1,有,無,3160000,43335,,0.0,0,,RPQNMLMJMHKFFDK18CA
竹南鎮,房地(土地+建物)+車位,苗栗縣竹南鎮竹興里7鄰復興路406巷1~30號,48.25,,鄉村區,乙種建築用地,10312,土地1建物1車位1,四層,5,華廈(10層含以下有電梯),見其他登記事項,鋼筋混凝土造,1040212,129.07999999999998,3,1,2,有,無,5700000,43039,一樓平面,8.26,500000,,RPRNMLMJMHKFFDK28CA
竹南鎮,房地(土地+建物),苗栗縣竹南鎮竹興里7鄰復興路406巷1~30號,22.73,,鄉村區,乙種建築用地,10401,土地1建物1車位0,四層,5,華廈(10層含以下有電梯),見其他登記事項,鋼筋混凝土造,1040212,72.92,2,1,1,有,無,3150000,43198,,0.0,0,,RPSNMLMJMHKFFDK38CA
竹南鎮,房地(土地+建物),苗栗縣竹南鎮竹興里7鄰復興路406巷1~30號,21.94,,鄉村區,乙種建築用地,10311,土地1建物1車位0,四層,5,華廈(10層含以下有電梯),見其他登記事項,鋼筋混凝土造,1040212,70.4,2,1,1,有,無,2900000,41193,,0.0,0,,RPTNMLMJMHKFFDK48CA
竹南鎮,房地(土地+建物)+車位,苗栗縣竹南鎮竹興里7鄰復興路406巷1~30號,48.25,,鄉村區,乙種建築用地,10312,土地1建物1車位1,五層,5,華廈(10層含以下有電梯),見其他登記事項,鋼筋混凝土造,1040212,129.07999999999998,3,1,2,有,無,5900000,44695,一樓平面,8.26,500000,,RPUNMLMJMHKFFDK58CA
苑裡鎮,房地(土地+建物),苗栗縣苑裡鎮新復里4鄰新復31~60號,49.32,,特定農業區,甲種建築用地,10403,土地1建物1車位0,全,3,透天厝,見其他登記事項,鋼筋混凝土造,0971007,97.76,4,2,3,有,無,2842097,29072,,0.0,0,,RPQNMLMJMHKFFCK08CA
通霄鎮,土地,通北段781~810地號,1588.45,工,,,10403,土地1建物0車位0,,,其他,,,,0.0,0,0,0,有,無,12500000,7869,,0.0,0,,RPROMLRJMHKFFCK78CA
公館鄉,土地,大坑段421~450地號,2500.0,,山坡地保育區,農牧用地,10402,土地1建物0車位0,,,其他,,,,0.0,0,0,0,有,無,1350000,540,,0.0,0,,RPSOMLTJMHKFFBK98CA
公館鄉,土地,大坑段121~150地號,837.0,,特定農業區,農牧用地,10403,土地1建物0車位0,,,其他,,,,0.0,0,0,0,有,無,2810436,3358,,0.0,0,,RPPNMLLLMHKFFBK97CA
公館鄉,土地,大坑段121~150地號,838.0,,特定農業區,農牧用地,10403,土地1建物0車位0,,,其他,,,,0.0,0,0,0,有,無,2813794,3358,,0.0,0,,RPRNMLLLMHKFFBK18CA
大湖鄉,土地,大湖段751~780地號,2625.0,,山坡地保育區,農牧用地,10403,土地1建物0車位0,,,其他,,,,0.0,0,0,0,有,無,300000,114,,0.0,0,,RPPNMLPLMHKFFAK28CA
苗栗市,房地(土地+建物),苗栗縣苗栗巿福星街91~120號,65.0,住,,,10402,土地3建物1車位0,全,4,透天厝,住家用,鋼筋混凝土造,0681029,145.07,4,2,3,有,無,3000000,20680,,0.0,0,姐弟親屬間之買賣,RPPNMLPJMHKFFBK18CA
公館鄉,土地,鶴子岡段1171~1200地號,2736.0,,特定農業區,農牧用地,10402,土地2建物0車位0,,,其他,,,,0.0,0,0,0,有,無,1000000,365,,0.0,0,親友、員工或其他特殊關係間之交易。(二親等內),RPRNMLLJMHKFFBK97CA
公館鄉,土地,南河段961~990地號,5041.0,,山坡地保育區,林業用地,10402,土地1建物0車位0,,,其他,,,,0.0,0,0,0,有,無,800000,159,,0.0,0,,RPTNMLLJMHKFFBK18CA
苗栗市,房地(土地+建物),苗栗縣苗栗巿清華里3鄰源林街31~60號,39.8,住,,,10403,土地1建物1車位0,二層,5,公寓(5樓含以下無電梯),住家用,鋼筋混凝土造,0840630,136.92,4,1,2,有,無,2550000,18624,,0.0,0,二等親間買賣特殊關係間之交易。,RPUNMLLJMHKFFBK28CA
公館鄉,土地,五谷岡段1~30地號,1648.0,農,,,10403,土地1建物0車位0,,,其他,,,,0.0,0,0,0,有,無,5800000,3519,,0.0,0,,RPQOMLRJMHKFFBK58CA
西湖鄉,土地,鴨母坑段931~960地號,2051.0,,山坡地保育區,農牧用地,10403,土地1建物0車位0,,,其他,,,,0.0,0,0,0,有,無,1650012,804,,0.0,0,,RPTNMLNLMHKFFEK98DA
頭份鎮,房地(土地+建物),苗栗縣頭份鎮蟠桃里2鄰自立街61~90號,40.0,住,,,10403,土地4建物2車位0,一層，見其他登記事項,1,公寓(5樓含以下無電梯),住家用,鋼筋混凝土加強磚造,0620110,49.78,3,2,2,有,無,1500000,30133,,0.0,0,親友、員工或其他特殊關係間之交易。,RPRNMLSJMHKFFFK09CA
