s腹,ó烀O,ó旎,ó飙笨nキよそへ
RPRNMLRKLHKFFFK98CA,ど熬鞅,480000,
RPPNMLTKLHKFFFK98CA,YDキ,0,
RPQNMLSKLHKFFFK98CA,YDキ,0,28.47
RPRNMLKLLHKFFFK38CA,YDキ,0,
RPPNMLOLLHKFFDK38CA,@加キ,0,
RPXNMLPLLHKFFFK86CA,YDキ,0,27.51
RPRNMLTJMHKFFFK56CA,@加キ,800000,
RPVNMLPLLHKFFFK66CA,ど熬鞅,480000,
RPWNMLPLLHKFFFK76CA,ど熬鞅,480000,
RPVNMLQJMHKFFBK88CA,YDキ,0,33.07
RPWNMLQJMHKFFBK98CA,YDキ,0,33.07
RPXNMLQJMHKFFBK09CA,YDキ,0,33.07
RPOOMLQJMHKFFBK28CA,YDキ,0,33.07
RPPOMLQJMHKFFBK38CA,YDキ,0,33.07
RPQOMLQJMHKFFBK48CA,YDキ,0,33.07
RPROMLQJMHKFFBK58CA,YDキ,0,33.07
RPVNMLPLLHKFFDK09CA,@加キ,600000,9.86
RPWOMLLMLHKFFDK98CA,@加キ,0,
RPPOMLPKMHKFFFK78CA,YDキ,0,13.30
RPXNMLRLLHKFFBK66CA,@加キ,0,
RPUNMLKMLHKFFFK78CA,YDキ,0,1.61
RPXNMLLMLHKFFFK56CA,YD诀瘪,0,
RPWNMLLMLHKFFDK88CA,ㄤL,0,
RPQOMLLJMHKFFDK18CA,@加キ,220000,7.16
RPTOMLLJMHKFFDK48CA,@加キ,600000,7.16
RPVOMLLJMHKFFDK68CA,@加キ,600000,7.16
RPOPMLLJMHKFFDK08CA,@加キ,600000,7.16
RPPNMLNJMHKFFDK18CA,@加キ,600000,7.16
RPWNMLLJMHKFFFK88CA,YDキ,0,
RPVOMLRJMHKFFDK66CA,@加キ,600000,9.86
RPWPMLLJMHKFFDK88CA,@加キ,600000,7.16
RPQQMLLJMHKFFDK38CA,@加キ,600000,7.16
RPUQMLLJMHKFFDK78CA,@加キ,550000,7.16
RPRNMLMJMHKFFDK28CA,@加キ,500000,8.26
RPUNMLMJMHKFFDK58CA,@加キ,500000,8.26
