¶mÂí¥«°Ï,¥æ©ö¼Ðªº,¤g¦a°Ï¬q¦ì¸m©Î«Øª«°ÏªùµP,¤g¦a²¾ÂàÁ`­±¿n¥­¤è¤½¤Ø,³£¥«¤g¦a¨Ï¥Î¤À°Ï,«D³£¥«¤g¦a¨Ï¥Î¤À°Ï,«D³£¥«¤g¦a¨Ï¥Î½s©w,¥æ©ö¦~¤ë,¥æ©öµ§´É¼Æ,²¾Âà¼h¦¸,Á`¼Ó¼h¼Æ,«Øª««¬ºA,¥D­n¥Î³~,¥D­n«Ø§÷,«Ø¿v§¹¦¨¦~¤ë,«Øª«²¾ÂàÁ`­±¿n¥­¤è¤½¤Ø,«Øª«²{ªp®æ§½-©Ð,«Øª«²{ªp®æ§½-ÆU,«Øª«²{ªp®æ§½-½Ã,«Øª«²{ªp®æ§½-¹j¶¡,¦³µLºÞ²z²ÕÂ´,Á`»ù¤¸,³æ»ù¨C¥­¤è¤½¤Ø,¨®¦ìÃþ§O,¨®¦ì²¾ÂàÁ`­±¿n¥­¤è¤½¤Ø,¨®¦ìÁ`»ù¤¸,³Æµù,½s¸¹
¦µ¤l¥«,©Ð¦a(¤g¦a+«Øª«),¹Å¸q¿¤¦µ¤l¥«¤¯©M¤G¸ô121~150¸¹,5.87,¦í,,,10402,¤g¦a1«Øª«1¨®¦ì0,¤­¼h,8,µØ·H(10¼h§t¥H¤U¦³¹q±è),¦í®a¥Î,¿ûµ¬²V¾®¤g³y,0950828,15.06,1,1,1,¦³,¦³,570000,37849,,0.0,0,,RPSNMLRKLHKFFBQ66CA
ªF¥Û¶m,©Ð¦a(¤g¦a+«Øª«),¹Å¸q¿¤ªF¥Û¶m?´ä121~150¸¹,53.76,,¶m§ø°Ï,¤AºØ«Ø¿v¥Î¦a,10403,¤g¦a1«Øª«1¨®¦ì0,¥þ,2,³z¤Ñ­í,¦í®a¥Î,¿ûµ¬²V¾®¤g¥[±j¿j³y,0840822,89.24,4,2,2,¦³,µL,929288,10413,,0.0,0,¿Ë¤ÍÃö«Y¶¡¤§¥æ©ö¡C,RPVNMLSKLHKFFBQ07CA
¦µ¤l¥«,¤g¦a,¤j¼w¿³¬q931~960¦a¸¹,162.97,¤u,,,10402,¤g¦a1«Øª«0¨®¦ì0,,,¨ä¥L,,,,0.0,0,0,0,¦³,µL,1564380,9599,,0.0,0,¿ËÄÝÃö«Y,RPWNMLKMLHKFFBQ56CA
¦µ¤l¥«,¤g¦a,¤j¼w¿³¬q901~930¦a¸¹,255.86,¤u,,,10402,¤g¦a6«Øª«0¨®¦ì0,,,¨ä¥L,,,,0.0,0,0,0,¦³,µL,110764,433,,0.0,0,¿ËÄÝÃö«Y,RPXNMLKMLHKFFBQ66CA
¦µ¤l¥«,©Ð¦a(¤g¦a+«Øª«),¹Å¸q¿¤¦µ¤l¥«¤¯©M¤@¸ô1~30¸¹,300.24,¦í,,,10312,¤g¦a8«Øª«1¨®¦ì0,¥þ,3,³z¤Ñ­í,¨£¨ä¥Lµn°O¨Æ¶µ,¿ûµ¬²V¾®¤g³y,1031024,294.25,4,2,5,¦³,¦³,17600000,59813,,0.0,0,,RPTNMLMJMHKFFBQ88CA
¦µ¤l¥«,©Ð¦a(¤g¦a+«Øª«),¹Å¸q¿¤¦µ¤l¥«¤¯©M¤@¸ô1~30¸¹,238.67,¦í,,,10312,¤g¦a7«Øª«1¨®¦ì0,¥þ,3,³z¤Ñ­í,¨£¨ä¥Lµn°O¨Æ¶µ,¿ûµ¬²V¾®¤g³y,1031024,294.25,4,2,5,¦³,¦³,15500000,52676,,0.0,0,,RPQNMLKKMHKFFBQ48CA
·s´ä¶m,¤g¦a,°ñÀY¬q¦@©M¤p¬q271~300¦a¸¹,2052.0,,¯S©w¹A·~°Ï,¹Aªª¥Î¦a,10402,¤g¦a1«Øª«0¨®¦ì0,,,¨ä¥L,,,,0.0,0,0,0,¦³,µL,2667600,1300,,0.0,0,¥»¶R½æ®×¥ó«YÄÝ¤T¿Ëµ¥¶¡¯S®í¥æ©ö¡A¨ä¥æ©ö»ù®æ¥i¯à²§©ó¥«³õ¥¿±`¥æ©ö»ù®æ¡C,RPRNMLSKLHKFFCQ76CA
¥Á¶¯¶m,©Ð¦a(¤g¦a+«Øª«),¹Å¸q¿¤¥Á¶¯¶mª÷¿³§ø©¾¸q¸ô91~120¸¹,99.13,¦í,,,10402,¤g¦a1«Øª«1¨®¦ì0,¥þ,4,³z¤Ñ­í,¦í°Ó¥Î,¿ûµ¬²V¾®¤g³y,0830107,204.42,5,3,4,¦³,µL,4150000,20301,,0.0,0,,RPPNMLLLLHKFFCQ58CA
·s´ä¶m,©Ð¦a(¤g¦a+«Øª«),¹Å¸q¿¤·s´ä¶m®c«e§ø¹Å¥Á¸ô271~300¸¹,109.55,¦í,,,10402,¤g¦a1«Øª«1¨®¦ì0,¥þ,3,³z¤Ñ­í,¨£¨ä¥Lµn°O¨Æ¶µ,¿ûµ¬²V¾®¤g³y,1040120,216.0,4,2,3,¦³,µL,11000000,50926,,0.0,0,,RPPNMLPLLHKFFCQ98CA
·s´ä¶m,©Ð¦a(¤g¦a+«Øª«),¹Å¸q¿¤·s´ä¶m®c«e§ø¹Å¥Á¸ô287«Ñ1~30¸¹,113.45,¦í,,,10402,¤g¦a1«Øª«1¨®¦ì0,¥þ,3,³z¤Ñ­í,¨£¨ä¥Lµn°O¨Æ¶µ,¿ûµ¬²V¾®¤g³y,1040120,185.62,4,2,3,¦³,µL,7980000,42991,,0.0,0,,RPQNMLPLLHKFFCQ09CA
·s´ä¶m,©Ð¦a(¤g¦a+«Øª«),¹Å¸q¿¤·s´ä¶m®c«e§ø¹Å¥Á¸ô287«Ñ1~30¸¹,108.7,¦í,,,10402,¤g¦a1«Øª«1¨®¦ì0,¥þ,3,³z¤Ñ­í,¨£¨ä¥Lµn°O¨Æ¶µ,¿ûµ¬²V¾®¤g³y,1040120,182.02,4,2,3,¦³,µL,8200000,45050,,0.0,0,,RPRNMLPLLHKFFCQ56CA
·s´ä¶m,©Ð¦a(¤g¦a+«Øª«),¹Å¸q¿¤·s´ä¶m®c«e§ø¹Å¥Á¸ô287«Ñ1~30¸¹,111.58,¦í,,,10402,¤g¦a1«Øª«1¨®¦ì0,¥þ,3,³z¤Ñ­í,¨£¨ä¥Lµn°O¨Æ¶µ,¿ûµ¬²V¾®¤g³y,1040120,185.13,4,2,3,¦³,µL,8000000,43213,,0.0,0,,RPSNMLPLLHKFFCQ66CA
¥Á¶¯¶m,©Ð¦a(¤g¦a+«Øª«),¹Å¸q¿¤¥Á¶¯¶mª÷¿³§ø17¾F¶°ºÖµó20«Ñ31~60¸¹,108.56,¦í,,,10403,¤g¦a2«Øª«1¨®¦ì0,¥þ,2,³z¤Ñ­í,¦í®a¥Î,¿ûµ¬²V¾®¤g¥[±j¿j³y,0700710,100.33,3,2,2,¦³,µL,2300000,22924,,0.0,0,,RPVNMLRJMHKFFCQ07CA
¥Á¶¯¶m,©Ð¦a(¤g¦a+«Øª«),¹Å¸q¿¤¤jªLÂíª÷¿³§ø21¾F©¾¸qµó61~90¸¹,81.69,¦í,,,10402,¤g¦a1«Øª«1¨®¦ì0,¥þ,3,³z¤Ñ­í,¦í®a¥Î,¿ûµ¬²V¾®¤g³y,0831029,188.31,4,2,3,¦³,µL,3000000,15931,,0.0,0,,RPSNMLOKMHKFFCQ56CA
¤¤®H¶m,¤g¦a,ú[ú]¬q211~240¦a¸¹,427.0,,¤s©Y¦a«O¨|°Ï,¼È¥¼½s©w,10403,¤g¦a1«Øª«0¨®¦ì0,,,¨ä¥L,,,,0.0,0,0,0,¦³,µL,200000,468,,0.0,0,,RPWNMLKLLHKFFDQ66CA
¤Ó«O¥«,¤g¦a,«n¯]¬q61~90¦a¸¹,727.66,,¶m§ø°Ï,¤AºØ«Ø¿v¥Î¦a,10312,¤g¦a2«Øª«0¨®¦ì0,,,¨ä¥L,,,,0.0,0,0,0,¦³,µL,6600000,9070,,0.0,0,,RPPNMLMLLHKFFDQ78CA
³À¯ó¶m,¤g¦a,¤T¨¤¤l¬q¤T¨¤¤p¬q601~630¦a¸¹,2684.0,,¯S©w¹A·~°Ï,¹Aªª¥Î¦a,10403,¤g¦a1«Øª«0¨®¦ì0,,,¨ä¥L,,,,0.0,0,0,0,¦³,µL,2350000,876,,0.0,0,,RPWNMLPLLHKFFDQ17CA
¤¤®H¶m,¤g¦a,¤ý·Ý¬q121~150¦a¸¹,2716.6,,¯S©w¹A·~°Ï,¹Aªª¥Î¦a,10402,¤g¦a1«Øª«0¨®¦ì0,,,¨ä¥L,,,,0.0,0,0,0,¦³,µL,8217700,3025,,0.0,0,,RPRNMLLMLHKFFDQ98CA
¦Ë±T¶m,©Ð¦a(¤g¦a+«Øª«)+¨®¦ì,¹Å¸q¿¤¦Ë±T¶mÆW¾ô§ø1~30¸¹,77.14,,¶m§ø°Ï,¤AºØ«Ø¿v¥Î¦a,10402,¤g¦a2«Øª«1¨®¦ì1,¥þ,4,³z¤Ñ­í,¨£¨ä¥Lµn°O¨Æ¶µ,¿ûµ¬²V¾®¤g³y,1031222,174.72,4,2,3,¦³,µL,6260000,35829,¤@¼Ó¥­­±,0.0,0,,RPXNMLKMLHKFFEQ96CA
±ö¤s¶m,¤g¦a,Às²´ªL¬q61~90¦a¸¹,7446.5,,¤s©Y¦a«O¨|°Ï,ªL·~¥Î¦a,10403,¤g¦a2«Øª«0¨®¦ì0,,,¨ä¥L,,,,0.0,0,0,0,¦³,µL,1936090,260,,0.0,0,,RPPNMLLMLHKFFEQ88CA
¸q¦Ë¶m,¤g¦a,ÀY¦Ë³ò¬q¦Ë³ò¤p¬q901~930¦a¸¹,850.5,,¯S©w¹A·~°Ï,¹Aªª¥Î¦a,10403,¤g¦a1«Øª«0¨®¦ì0,,,¨ä¥L,,,,0.0,0,0,0,¦³,µL,1000000,1176,,0.0,0,,RPVNMLRKLHKFFBQ07DA
¦Ë±T¶m,¤g¦a,©M¥­¬q781~810¦a¸¹,744.76,¹A,,,10402,¤g¦a2«Øª«0¨®¦ì0,,,¨ä¥L,,,,0.0,0,0,0,¦³,µL,11715074,15730,,0.0,0,¥»¥ó¶R½æ¤º§t¥¼«O¦s«Øª«,RPUNMLKLLHKFFEQ66DA
·Ë¤f¶m,¤g¦a,±[§À¬q¬ü¥_¤p¬q691~720¦a¸¹,2050.0,,¯S©w¹A·~°Ï,¹Aªª¥Î¦a,10403,¤g¦a1«Øª«0¨®¦ì0,,,¨ä¥L,,,,0.0,0,0,0,¦³,µL,1537500,750,,0.0,0,,RPQNMLSKLHKFFCQ86EA
µf¸ô¶m,¤g¦a,¤ºÂ|¬q211~240¦a¸¹,1437.0,¹A,,,10401,¤g¦a1«Øª«0¨®¦ì0,,,¨ä¥L,,,,0.0,0,0,0,¦³,µL,1950000,1357,,0.0,0,,RPRNMLTKLHKFFEQ27EA
ªü¨½¤s¶m,¤g¦a,·s¬ü¬q241~270¦a¸¹,5153.0,,¤s©Y¦a«O¨|°Ï,¹Aªª¥Î¦a,10403,¤g¦a1«Øª«0¨®¦ì0,,,¨ä¥L,,,,0.0,0,0,0,¦³,µL,300000,58,,0.0,0,,RPRNMLNLLHKFFEQ76EA
¸q¦Ë¶m,¤g¦a,¨¤±a³ò¬q±a³ò¤p¬q331~360¦a¸¹,2398.0,,¯S©w¹A·~°Ï,¹Aªª¥Î¦a,10403,¤g¦a1«Øª«0¨®¦ì0,,,¨ä¥L,,,,0.0,0,0,0,¦³,µL,1470000,613,,0.0,0,,RPQNMLRKLHKFFBQ56DA
±ö¤s¶m,¤g¦a,±ö¥_¬q1891~1920¦a¸¹,137.0,¦í,,,10403,¤g¦a1«Øª«0¨®¦ì0,,,¨ä¥L,,,,0.0,0,0,0,¦³,µL,2200000,16058,,0.0,0,,RPUNMLNLLHKFFEQ86CA
±ö¤s¶m,¤g¦a,Âù·Ë¬q181~210¦a¸¹,2284.0,,¤s©Y¦a«O¨|°Ï,¹Aªª¥Î¦a,10403,¤g¦a1«Øª«0¨®¦ì0,,,¨ä¥L,,,,0.0,0,0,0,¦³,µL,776560,340,,0.0,0,¿Ë¤Í¯S®íÃö«Y¶¡¤§¥æ©ö¡C,RPPOMLNLLHKFFEQ09CA
¦Ë±T¶m,¤g¦a,¤º®H¬q181~210¦a¸¹,2554.41,,¤@¯ë¹A·~°Ï,¹Aªª¥Î¦a,10403,¤g¦a3«Øª«0¨®¦ì0,,,¨ä¥L,,,,0.0,0,0,0,¦³,µL,4500000,1762,,0.0,0,,RPQNMLTKLHKFFEQ96CA
¤Ó«O¥«,©Ð¦a(¤g¦a+«Øª«),¹Å¸q¿¤¤Ó«OÉ]¦w¤¯¨½²»©M¤@¸ôªF¬q1~30¸¹,47.04,¦í,,,10402,¤g¦a1«Øª«1¨®¦ì0,¤@¼h¡A¤G¼h¡A¤T¼h,9,©±­±(©±¾Q),¨£¨ä¥Lµn°O¨Æ¶µ,¿ûµ¬²V¾®¤g³y,0850207,159.93,3,2,3,¦³,¦³,4010000,25073,,0.0,0,,RPTNMLKMLHKFFDQ09CA
¤ô¤W¶m,¤g¦a,¤j±[¬q­«¹º¤p¬q571~600¦a¸¹,1838.0,,¯S©w¹A·~°Ï,¹Aªª¥Î¦a,10402,¤g¦a1«Øª«0¨®¦ì0,,,¨ä¥L,,,,0.0,0,0,0,¦³,µL,2300000,1251,,0.0,0,,RPSNMLSKLHKFFDQ96CA
¤¤®H¶m,¤g¦a,ÆW¼æ¤l¬q1~30¦a¸¹,14653.72,,¤s©Y¦a«O¨|°Ï,¹Aªª¥Î¦a,10312,¤g¦a5«Øª«0¨®¦ì0,,,¨ä¥L,,,,0.0,0,0,0,¦³,µL,2100000,143,,0.0,0,,RPPNMLKLLHKFFDQ58CA
¤¤®H¶m,¤g¦a,ÆW¼æ¤l¬q31~60¦a¸¹,12789.28,,¤s©Y¦a«O¨|°Ï,¹Aªª¥Î¦a,10401,¤g¦a1«Øª«0¨®¦ì0,,,¨ä¥L,,,,0.0,0,0,0,¦³,µL,2100000,164,,0.0,0,,RPRNMLKLLHKFFDQ78CA
¥Á¶¯¶m,¤g¦a,Â×¦¬¬q571~600¦a¸¹,5580.78,,¯S©w¹A·~°Ï,¹Aªª¥Î¦a,10403,¤g¦a1«Øª«0¨®¦ì0,,,¨ä¥L,,,,0.0,0,0,0,¦³,µL,14733000,2640,,0.0,0,,RPSNMLNLLHKFFCQ09CA
¥Á¶¯¶m,¤g¦a,Â×¦¬¬q571~600¦a¸¹,7025.7,,¯S©w¹A·~°Ï,¹Aªª¥Î¦a,10403,¤g¦a5«Øª«0¨®¦ì0,,,¨ä¥L,,,,0.0,0,0,0,¦³,µL,18548000,2640,,0.0,0,,RPUNMLNLLHKFFCQ66CA
¥Á¶¯¶m,¤g¦a,ªF´ò¬q1951~1980¦a¸¹,3037.18,¨ä¥L,,,10403,¤g¦a1«Øª«0¨®¦ì0,,,¨ä¥L,,,,0.0,0,0,0,¦³,µL,8728096,2874,,0.0,0,,RPQNMLKLLHKFFCQ58CA
·Ë¤f¶m,©Ð¦a(¤g¦a+«Øª«),¹Å¸q¿¤·Ë¤f¶m©W³»§ø3¾F¤U©W1~30¸¹,93.0,,¯S©w¹A·~°Ï,¥ÒºØ«Ø¿v¥Î¦a,10402,¤g¦a1«Øª«1¨®¦ì0,¥þ,3,³z¤Ñ­í,¦í®a¥Î,¿ûµ¬²V¾®¤g³y,0831102,136.04,3,2,3,¦³,µL,2600000,19112,,0.0,0,,RPSNMLLJMHKFFCQ78CA
¦µ¤l¥«,©Ð¦a(¤g¦a+«Øª«),¹Å¸q¿¤¦µ¤l¥«·s¦NÉÜ1~30¸¹,142.04,,¶m§ø°Ï,¤AºØ«Ø¿v¥Î¦a,10403,¤g¦a2«Øª«1¨®¦ì0,¥þ,3,³z¤Ñ­í,¦í®a¥Î,¿ûµ¬²V¾®¤g¥[±j¿j³y,0780313,179.37,3,2,2,¦³,µL,3500000,19513,,0.0,0,,RPPNMLTKLHKFFBQ56CA
·s´ä¶m,©Ð¦a(¤g¦a+«Øª«),¹Å¸q¿¤·s´ä¶m¤T¶¡§ø¤T¶¡­í61~90¸¹,99.02,,¤u·~°Ï,¤BºØ«Ø¿v¥Î¦a,10402,¤g¦a1«Øª«1¨®¦ì0,¥þ,3,³z¤Ñ­í,¦í®a¥Î,¿ûµ¬²V¾®¤g³y,1030815,176.56,5,2,3,¦³,µL,4850000,27469,,0.0,0,,RPTNMLLMLHKFFCQ09CA
¤Ó«O¥«,¤g¦a,®H¤ß¬q®H¤ß¤p¬q241~270¦a¸¹,2602.0,,¯S©w¹A·~°Ï,¹Aªª¥Î¦a,10402,¤g¦a1«Øª«0¨®¦ì0,,,¨ä¥L,,,,0.0,0,0,0,¦³,µL,4600000,1768,,0.0,0,,RPPNMLTKLHKFFDQ76CA
¤¤®H¶m,¤g¦a,íB¥JªL¬q31~60¦a¸¹,3198.34,,¯S©w¹A·~°Ï,¹Aªª¥Î¦a,10403,¤g¦a1«Øª«0¨®¦ì0,,,¨ä¥L,,,,0.0,0,0,0,¦³,µL,4200000,1313,,0.0,0,,RPQNMLTKLHKFFDQ86CA
¤¤®H¶m,¤g¦a,¦ËÀY±T¬q31~60¦a¸¹,1000.0,,¤s©Y¦a«O¨|°Ï,¹Aªª¥Î¦a,10402,¤g¦a1«Øª«0¨®¦ì0,,,¨ä¥L,,,,0.0,0,0,0,¦³,µL,100000,100,,0.0,0,¦ì¸m°¾»÷¡AµL¹ï¥~Ápµ¸¹D¸ô¡AÄé¤ìÂO¥Í¡C,RPRNMLTKLHKFFDQ96CA
¤Ó«O¥«,¤g¦a,·s°ñ¬q·s°ñ¤p¬q1471~1500¦a¸¹,411.33,,¯S©w¹A·~°Ï,¹Aªª¥Î¦a,10403,¤g¦a3«Øª«0¨®¦ì0,,,¨ä¥L,,,,0.0,0,0,0,¦³,µL,1018289,2476,,0.0,0,,RPSNMLTKLHKFFDQ07CA
¥Á¶¯¶m,¤g¦a,¥Á¶¯¬q811~840¦a¸¹,647.0,¨ä¥L,,,10401,¤g¦a4«Øª«0¨®¦ì0,,,¨ä¥L,,,,0.0,0,0,0,¦³,µL,6505700,10055,,0.0,0,,RPVNMLTJMHKFFCQ27CA
¤ô¤W¶m,¤g¦a,¬h¶m¬q421~450¦a¸¹,1329.05,,¯S©w¹A·~°Ï,¹Aªª¥Î¦a,10403,¤g¦a1«Øª«0¨®¦ì0,,,¨ä¥L,,,,0.0,0,0,0,¦³,µL,1600000,1204,,0.0,0,,RPTNMLRLLHKFFDQ07CA
¤¤®H¶m,¤g¦a,¥ÛŽö¬q241~270¦a¸¹,1000.0,,¤s©Y¦a«O¨|°Ï,ªL·~¥Î¦a,10403,¤g¦a1«Øª«0¨®¦ì0,,,¨ä¥L,,,,0.0,0,0,0,¦³,µL,85000,85,,0.0,0,¦ì¸m°¾»÷¡AµL¹ï¥~Ápµ¸¹D¸ô¡AÄé¤ìÂO¥Í¡C,RPXNMLKLLHKFFDQ76CA
µf¸ô¶m,¤g¦a,µf¸ô¬q61~90¦a¸¹,1000.0,,¤s©Y¦a«O¨|°Ï,ªL·~¥Î¦a,10403,¤g¦a1«Øª«0¨®¦ì0,,,¨ä¥L,,,,0.0,0,0,0,¦³,µL,86000,86,,0.0,0,,RPPNMLKLLHKFFEQ68CA
µf¸ô¶m,¤g¦a,µf¸ô¬q61~90¦a¸¹,1000.0,,¤s©Y¦a«O¨|°Ï,ªL·~¥Î¦a,10403,¤g¦a1«Øª«0¨®¦ì0,,,¨ä¥L,,,,0.0,0,0,0,¦³,µL,100000,100,,0.0,0,,RPQNMLKLLHKFFEQ78CA
¤Ó«O¥«,©Ð¦a(¤g¦a+«Øª«),¹Å¸q¿¤¤Ó«OÉ]«á¼æ¨½«á¼æ211~240¸¹,57.58,¦í,,,10401,¤g¦a2«Øª«1¨®¦ì0,¥þ,3,³z¤Ñ­í,¦í®a¥Î,¿ûµ¬²V¾®¤g³y,0821229,83.07,2,1,2,¦³,µL,1300000,15649,,0.0,0,,RPSNMLOKMHKFFDQ66CA
µf¸ô¶m,¤g¦a,¤½¥Ð¬q31~60¦a¸¹,40.0,,´ËªL°Ï,¹Aªª¥Î¦a,10403,¤g¦a1«Øª«0¨®¦ì0,,,¨ä¥L,,,,0.0,0,0,0,¦³,µL,380000,9500,,0.0,0,,RPPNMLPLLHKFFEQ56CA
³À¯ó¶m,¤g¦a,¦Ë¤lŽñ¬q91~120¦a¸¹,43.0,,¯S©w¹A·~°Ï,¥ÒºØ«Ø¿v¥Î¦a,10403,¤g¦a1«Øª«0¨®¦ì0,,,¨ä¥L,,,,0.0,0,0,0,¦³,µL,130000,3023,,0.0,0,,RPQNMLKLLHKFFDQ78DA
³À¯ó¶m,¤g¦a,¦Ë¤lŽñ¬q91~120¦a¸¹,176.17,,¯S©w¹A·~°Ï,¥ÒºØ«Ø¿v¥Î¦a,10403,¤g¦a2«Øª«0¨®¦ì0,,,¨ä¥L,,,,0.0,0,0,0,¦³,µL,500000,2838,,0.0,0,,RPSNMLKLLHKFFDQ98DA
¤Ó«O¥«,¤g¦a,Às¼æ¬q601~630¦a¸¹,141.97,¦í,,,10403,¤g¦a2«Øª«0¨®¦ì0,,,¨ä¥L,,,,0.0,0,0,0,¦³,µL,1110000,7819,,0.0,0,,RPRNMLOLLHKFFDQ66DA
¤Ó«O¥«,©Ð¦a(¤g¦a+«Øª«),¹Å¸q¿¤¤Ó«OÉ]³»´ä¤láY31~60¸¹,7.73,,¶m§ø°Ï,¤AºØ«Ø¿v¥Î¦a,10403,¤g¦a2«Øª«1¨®¦ì0,¥|¼h,5,®M©Ð(1©Ð1ÆU1½Ã),¨£¨ä¥Lµn°O¨Æ¶µ,¿ûµ¬²V¾®¤g³y,0940815,13.6,1,1,1,¦³,µL,390000,28676,,0.0,0,,RPSNMLOLLHKFFDQ76DA
¤jªLÂí,¤g¦a,¤¤ªL¬q181~210¦a¸¹,749.65,,¯S©w¹A·~°Ï,¹Aªª¥Î¦a,10402,¤g¦a3«Øª«0¨®¦ì0,,,¨ä¥L,,,,0.0,0,0,0,¦³,µL,800000,1067,,0.0,0,,RPPPMLRJMHKFFCQ86EA
·Ë¤f¶m,¤g¦a,´å­í¬q´åªF¤p¬q961~990¦a¸¹,3450.0,,¯S©w¹A·~°Ï,¹Aªª¥Î¦a,10403,¤g¦a2«Øª«0¨®¦ì0,,,¨ä¥L,,,,0.0,0,0,0,¦³,µL,5865000,1700,,0.0,0,,RPPNMLKLLHKFFCQ68EA
¥Á¶¯¶m,¤g¦a,¥@¿³¬q841~870¦a¸¹,927.92,¦í,,,10403,¤g¦a3«Øª«0¨®¦ì0,,,¨ä¥L,,,,0.0,0,0,0,¦³,µL,15650000,16866,,0.0,0,,RPSNMLKLLHKFFCQ98EA
¦Ë±T¶m,©Ð¦a(¤g¦a+«Øª«),¹Å¸q¿¤¦Ë±T¶mª@¥­§ø7¾F³»®H91~120¸¹,65.94,,¤@¯ë¹A·~°Ï,¤þºØ«Ø¿v¥Î¦a,10403,¤g¦a1«Øª«1¨®¦ì0,¥þ,2,³z¤Ñ­í,¦í®a¥Î,¿ûµ¬²V¾®¤g¥[±j¿j³y,0680725,92.05,3,1,2,¦³,µL,1680000,18251,,0.0,0,,RPTNMLNLLHKFFEQ96EA
¦Ë±T¶m,¤g¦a,©M¥­¬q421~450¦a¸¹,67.09,¦í,,,10403,¤g¦a1«Øª«0¨®¦ì0,,,¨ä¥L,,,,0.0,0,0,0,¦³,µL,500000,7453,,0.0,0,,RPRNMLPLLHKFFEQ96EA
¤¤®H¶m,¤g¦a,¶©®¦¬q31~60¦a¸¹,170.2,,¤s©Y¦a«O¨|°Ï,¤þºØ«Ø¿v¥Î¦a,10403,¤g¦a1«Øª«0¨®¦ì0,,,¨ä¥L,,,,0.0,0,0,0,¦³,µL,510000,2996,,0.0,0,,RPTNMLNLLHKFFDQ76DA
¥Á¶¯¶m,¤g¦a,Âù´©¬q331~360¦a¸¹,203.65,,¶m§ø°Ï,¤AºØ«Ø¿v¥Î¦a,10402,¤g¦a1«Øª«0¨®¦ì0,,,¨ä¥L,,,,0.0,0,0,0,¦³,µL,550000,2701,,0.0,0,,RPPNMLKMLHKFFCQ68DA
¤»¸}¶m,¤g¦a,¦Ë¤l¸}¬q¦Ë¹Å¤p¬q1321~1350¦a¸¹,1653.0,,¯S©w¹A·~°Ï,¹Aªª¥Î¦a,10403,¤g¦a1«Øª«0¨®¦ì0,,,¨ä¥L,,,,0.0,0,0,0,¦³,µL,600000,363,,0.0,0,§t«Øª«¥¼¿ì«O¦sµn°O¨ü¶ÅÅv¶Å°È¼vÅT©Î¶Å°È©èÀv¤§¥æ©ö¡C,RPQNMLKLLHKFFBQ58DA
ªF¥Û¶m,¤g¦a,®ß¤l±[¬q¦è±[¤p¬q1~30¦a¸¹,84.0,,¤@¯ë¹A·~°Ï,¤BºØ«Ø¿v¥Î¦a,10402,¤g¦a1«Øª«0¨®¦ì0,,,¨ä¥L,,,,0.0,0,0,0,¦³,µL,478800,5700,,0.0,0,Åv§Q¤H¦@2¤H¿Ë¤Í¡B­û¤u©Î¨ä¥L¯S®íÃö«Y¶¡¤§¥æ©ö¡C,RPTNMLKLLHKFFBQ88DA
¸q¦Ë¶m,¤g¦a,¤û¸Y©³¬q·s´I¤p¬q301~330¦a¸¹,41.58,,¶m§ø°Ï,¤AºØ«Ø¿v¥Î¦a,10403,¤g¦a1«Øª«0¨®¦ì0,,,¨ä¥L,,,,0.0,0,0,0,¦³,µL,150000,3608,,0.0,0,,RPPNMLNLLHKFFBQ78DA
¦Ë±T¶m,¤g¦a,¼Ì¾ð©W¬q1561~1590¦a¸¹,1586.12,,¤s©Y¦a«O¨|°Ï,¹Aªª¥Î¦a,10403,¤g¦a1«Øª«0¨®¦ì0,,,¨ä¥L,,,,0.0,0,0,0,¦³,µL,348945,220,,0.0,0,,RPQNMLPLLHKFFEQ66CA
¤ô¤W¶m,©Ð¦a(¤g¦a+«Øª«),¹Å¸q¿¤¤ô¤W¶m¤ô¤W§ø¥¿¸q¸ô211~240¸¹,87.62,¦í,,,10402,¤g¦a1«Øª«1¨®¦ì0,¥þ,3,³z¤Ñ­í,¦í°Ó¥Î,¿ûµ¬²V¾®¤g¥[±j¿j³y,0710325,220.2,3,2,3,¦³,µL,3000000,13624,,0.0,0,,RPWNMLOKMHKFFDQ07CA
µf¸ô¶m,¤g¦a,µf¸ô¬q121~150¦a¸¹,10002.0,,¤s©Y¦a«O¨|°Ï,¹Aªª¥Î¦a,10403,¤g¦a1«Øª«0¨®¦ì0,,,¨ä¥L,,,,0.0,0,0,0,¦³,µL,8200000,820,,0.0,0,,RPSNMLKLLHKFFEQ98CA
µf¸ô¶m,¤g¦a,ñF¤l¸}¬q91~120¦a¸¹,1023.0,,¤@¯ë¹A·~°Ï,¹Aªª¥Î¦a,10403,¤g¦a1«Øª«0¨®¦ì0,,,¨ä¥L,,,,0.0,0,0,0,¦³,µL,2413700,2359,,0.0,0,,RPTNMLKLLHKFFEQ09CA
¦Ë±T¶m,¤g¦a,úß¤l¬ì¬q151~180¦a¸¹,9776.0,,¤s©Y¦a«O¨|°Ï,¹Aªª¥Î¦a,10403,¤g¦a1«Øª«0¨®¦ì0,,,¨ä¥L,,,,0.0,0,0,0,¦³,µL,1750000,179,,0.0,0,,RPQNMLNLLHKFFEQ09CA
¤¤®H¶m,©Ð¦a(¤g¦a+«Øª«),¹Å¸q¿¤¤¤®H¶mªÀ¤f§ø20¾F?¥JªL31~60¸¹,85.94,¦í,,,10402,¤g¦a1«Øª«1¨®¦ì0,¥þ,3,³z¤Ñ­í,¦í°Ó¥Î,¿ûµ¬²V¾®¤g³y,0770108,212.34,7,2,3,¦³,µL,6250000,29434,,0.0,0,,RPOOMLKLLHKFFDQ58CA
¤ô¤W¶m,©Ð¦a(¤g¦a+«Øª«),¹Å¸q¿¤¤ô¤W¶m«n©M§ø«á¼d61~90¸¹,154.1,,¯S©w¹A·~°Ï,¥ÒºØ«Ø¿v¥Î¦a,10401,¤g¦a3«Øª«1¨®¦ì0,¥þ,3,³z¤Ñ­í,¦í®a¥Î,¿ûµ¬²V¾®¤g³y,0871124,124.21,3,3,3,¦³,µL,2100000,16907,,0.0,0,,RPQNMLLLLHKFFDQ78CA
¤Ó«O¥«,©Ð¦a(¤g¦a+«Øª«),¹Å¸q¿¤¤Ó«OÉ]¥_´ä¸ô¤G¬q403«Ñ241~270¸¹,84.93,¦í,,,10402,¤g¦a1«Øª«1¨®¦ì0,¥þ,4,³z¤Ñ­í,¨£¨ä¥Lµn°O¨Æ¶µ,¿ûµ¬²V¾®¤g³y,0820109,167.49,4,2,3,¦³,µL,3000000,17912,,0.0,0,,RPTOMLNLLHKFFDQ76CA
¤ô¤W¶m,¤g¦a,¬h¶m¬q1201~1230¦a¸¹,12.09,,¶m§ø°Ï,¤AºØ«Ø¿v¥Î¦a,10403,¤g¦a1«Øª«0¨®¦ì0,,,¨ä¥L,,,,0.0,0,0,0,¦³,µL,50000,4136,,0.0,0,,RPTNMLPLLHKFFDQ86CA
¤Ó«O¥«,¤g¦a,¹L·¾¬q¹L·¾¤p¬q1441~1470¦a¸¹,4442.0,,¯S©w¹A·~°Ï,¹Aªª¥Î¦a,10403,¤g¦a1«Øª«0¨®¦ì0,,,¨ä¥L,,,,0.0,0,0,0,¦³,µL,7551400,1700,,0.0,0,,RPTNMLKLLHKFFDQ98CA
¤ô¤W¶m,¤g¦a,¤jÔ³§À¬q361~390¦a¸¹,960.0,,¶m§ø°Ï,¤AºØ«Ø¿v¥Î¦a,10402,¤g¦a1«Øª«0¨®¦ì0,,,¨ä¥L,,,,0.0,0,0,0,¦³,µL,8439000,8791,,0.0,0,¥»¥Ó³øªí«Y¸g·í¨Æ¤H´£¨Ñ¸ê®ÆÄÝ¹ê¡C,RPUNMLKLLHKFFDQ09CA
¥Á¶¯¶m,©Ð¦a(¤g¦a+«Øª«)+¨®¦ì,¹Å¸q¿¤¥Á¶¯¶m¥_¤æ§ø·s¥¿¤­µó31~60¸¹,44.6,,¶m§ø°Ï,¤AºØ«Ø¿v¥Î¦a,10403,¤g¦a0«Øª«1¨®¦ì0,¤­¼h,5,µØ·H(10¼h§t¥H¤U¦³¹q±è),¨£¨ä¥Lµn°O¨Æ¶µ,¿ûµ¬²V¾®¤g³y,0910725,145.29,3,2,2,¦³,¦³,1850000,12733,©Y¹D¥­­±,0.0,0,,RPUOMLKMLHKFFCQ56CA
¥Á¶¯¶m,©Ð¦a(¤g¦a+«Øª«),¹Å¸q¿¤¥Á¶¯¶m?,39.54,¦í,,,10403,¤g¦a1«Øª«1¨®¦ì0,¤T¼h,5,¤½´J(5¼Ó§t¥H¤UµL¹q±è),¨£¨ä¥Lµn°O¨Æ¶µ,¿ûµ¬²V¾®¤g³y,0850209,89.63,2,2,1,¦³,¦³,1620000,18074,,0.0,0,,RPRNMLKLLHKFFCQ68CA
¥Á¶¯¶m,©Ð¦a(¤g¦a+«Øª«),¹Å¸q¿¤¥Á¶¯¶m¿³«n§øÀY¾ô661~690¸¹,112.19,¦í,,,10402,¤g¦a3«Øª«1¨®¦ì0,¥þ,2,³z¤Ñ­í,¦í®a¥Î,¿ûµ¬²V¾®¤g¥[±j¿j³y,0690620,101.4,3,1,2,¦³,µL,1000000,9862,,0.0,0,¤Gµ¥¿Ë¤§¶¡¶R½æ,RPPNMLNLLHKFFCQ78CA
·s´ä¶m,¤g¦a,¤T¶¡­í¬q61~90¦a¸¹,2630.55,,¤@¯ë¹A·~°Ï,¹Aªª¥Î¦a,10402,¤g¦a5«Øª«0¨®¦ì0,,,¨ä¥L,,,,0.0,0,0,0,¦³,µL,3000000,1140,,0.0,0,,RPRNMLNLLHKFFCQ98CA
¥¬³UÂí,¤g¦a,·s«n¬q91~120¦a¸¹,172.63,,¶m§ø°Ï,¤AºØ«Ø¿v¥Î¦a,10403,¤g¦a2«Øª«0¨®¦ì0,,,¨ä¥L,,,,0.0,0,0,0,¦³,µL,1473600,8536,,0.0,0,,RPPNMLKLLHKFFBQ38CA
¤»¸}¶m,¤g¦a,§ó¼d¬q181~210¦a¸¹,779.0,,¤@¯ë¹A·~°Ï,¹Aªª¥Î¦a,10402,¤g¦a2«Øª«0¨®¦ì0,,,¨ä¥L,,,,0.0,0,0,0,¦³,µL,241490,310,,0.0,0,,RPRNMLKLLHKFFBQ58CA
¦µ¤l¥«,©Ð¦a(¤g¦a+«Øª«),¹Å¸q¿¤¦µ¤l¥«¤j?·}1036«Ñ2§Ë1~30¸¹,106.35,,¶m§ø°Ï,¤AºØ«Ø¿v¥Î¦a,10401,¤g¦a2«Øª«1¨®¦ì0,¥þ,4,³z¤Ñ­í,¨£¨ä¥Lµn°O¨Æ¶µ,¿ûµ¬²V¾®¤g³y,0970408,317.82,4,2,2,¦³,¦³,6600000,20766,,0.0,0,,RPQNMLOLLHKFFBQ88CA
¦µ¤l¥«,¤g¦a,Âù·Ë¤f¬qÂù·Ë¤p¬q721~750¦a¸¹,3185.0,,¯S©w¹A·~°Ï,¹Aªª¥Î¦a,10402,¤g¦a1«Øª«0¨®¦ì0,,,¨ä¥L,,,,0.0,0,0,0,¦³,µL,7007000,2200,,0.0,0,,RPRNMLOLLHKFFBQ98CA
¥Á¶¯¶m,¤g¦a,¦n¦¬¬q¦n¦¬¤p¬q1051~1080¦a¸¹,2201.0,,¯S©w¹A·~°Ï,¹Aªª¥Î¦a,10402,¤g¦a1«Øª«0¨®¦ì0,,,¨ä¥L,,,,0.0,0,0,0,¦³,µL,5459000,2480,,0.0,0,,RPOOMLOLLHKFFCQ88CA
¥Á¶¯¶m,©Ð¦a(¤g¦a+«Øª«),¹Å¸q¿¤¥Á¶¯¶mª÷¿³§ø22¾F©¾¸q¸ô61~90¸¹,100.31,¦í,,,10402,¤g¦a1«Øª«1¨®¦ì0,¥þ,4,³z¤Ñ­í,¦í°Ó¥Î,¿ûµ¬²V¾®¤g³y,0830105,204.42,4,2,2,¦³,µL,4700000,22992,,0.0,0,,RPUNMLPLLHKFFCQ86CA
¥Á¶¯¶m,©Ð¦a(¤g¦a+«Øª«),¹Å¸q¿¤¥Á¶¯¶mªF¿³§ø4¾F¸­¤l¼d¸ô31~60¸¹,113.0,,¶m§ø°Ï,¤AºØ«Ø¿v¥Î¦a,10402,¤g¦a1«Øª«1¨®¦ì0,¥þ,3,³z¤Ñ­í,¦í®a¥Î,¿ûµ¬²V¾®¤g³y,0810731,132.9,3,2,2,¦³,µL,1700000,12792,,0.0,0,,RPUNMLOKMHKFFCQ76CA
·s´ä¶m,¤g¦a,¤½¶é¬q1081~1110¦a¸¹,165.0,¦í,,,10403,¤g¦a1«Øª«0¨®¦ì0,,,¨ä¥L,,,,0.0,0,0,0,¦³,µL,2576475,15615,,0.0,0,,RPWNMLTJMHKFFCQ37CA
¤Ó«O¥«,¤g¦a,¹Å·s¬q601~630¦a¸¹,71.76,¦í,,,10403,¤g¦a1«Øª«0¨®¦ì0,,,¨ä¥L,,,,0.0,0,0,0,¦³,µL,938000,13071,,0.0,0,,RPUNMLKMLHKFFDQ56CA
¤Ó«O¥«,©Ð¦a(¤g¦a+«Øª«),¹Å¸q¿¤¤Ó«OÉ]³Â¼d¨½Âù¦Xµó181~210¸¹,104.0,¦í,,,10402,¤g¦a1«Øª«1¨®¦ì0,¥þ,3,³z¤Ñ­í,¦í®a¥Î,¿ûµ¬²V¾®¤g³y,1031227,172.64,4,2,3,¦³,µL,5600000,32437,,0.0,0,,RPPNMLTLLHKFFDQ86CA
¤Ó«O¥«,©Ð¦a(¤g¦a+«Øª«),¹Å¸q¿¤¤Ó«OÉ]³Â¼d¨½Âù¦Xµó190«Ñ1~30¸¹,123.25,¦í,,,10402,¤g¦a2«Øª«1¨®¦ì0,¥þ,3,³z¤Ñ­í,¦í®a¥Î,¿ûµ¬²V¾®¤g³y,1031227,169.31,4,2,3,¦³,µL,5200000,30713,,0.0,0,,RPQNMLTLLHKFFDQ96CA
¤Ó«O¥«,©Ð¦a(¤g¦a+«Øª«),¹Å¸q¿¤¤Ó«OÉ]³Â¼d¨½Âù¦Xµó190«Ñ1~30¸¹,123.25,¦í,,,10402,¤g¦a2«Øª«1¨®¦ì0,¥þ,3,³z¤Ñ­í,¦í®a¥Î,¿ûµ¬²V¾®¤g³y,1031227,169.31,4,2,3,¦³,µL,4990000,29473,,0.0,0,,RPRNMLTLLHKFFDQ07CA
¤ô¤W¶m,©Ð¦a(¤g¦a+«Øª«),¹Å¸q¿¤¤ô¤W¶m¤U¼d1~30¸¹,82.72,,¯S©w¹A·~°Ï,¥ÒºØ«Ø¿v¥Î¦a,10403,¤g¦a1«Øª«1¨®¦ì0,¥þ,4,³z¤Ñ­í,¦í®a¥Î,¿ûµ¬²V¾®¤g³y,0820422,186.9,4,3,3,¦³,µL,3800000,20332,,0.0,0,,RPPNMLNLLHKFFDQ98DA
¥Á¶¯¶m,¤g¦a,¤j±T¬q2311~2340¦a¸¹,762.84,,¤@¯ë¹A·~°Ï,¹Aªª¥Î¦a,10402,¤g¦a1«Øª«0¨®¦ì0,,,¨ä¥L,,,,0.0,0,0,0,¦³,µL,1200000,1573,,0.0,0,1.¥»¥ó¶R½æ¼Ðªº³¡¤À­±¿n¬ù106¥­¤è¤½¤Ø(¥H¹ê»Ú¼x¦¬­±¿n¬°·Ç)¬°¡u¦µ¤l·Ë¤ä¬y±Æ¤ô¨t²Î-¥Á¶¯¤j±T¦a°Ï¤À¬x§ïµ½¤uµ{¡v©Ò¹w©w¼x¦¬½d³ò¡A¨Ã¤w§¹¦¨¾Q³]±Æ¤ô¨t²Î¡A¼x¦¬¸ÉÀv¶OÂà²¾¥Ñ·s¦a¥D»â¨ú¡C2.¥»¥ó¶R½æ¼Ðªº¦è°¼¦³±Æ¤ô²[ºÞ¡C,RPVNMLOLLHKFFCQ96DA
¦Ë±T¶m,¤g¦a,½v­í¼d¬q421~450¦a¸¹,432.67,,¤@¯ë¹A·~°Ï,¤þºØ«Ø¿v¥Î¦a,10403,¤g¦a1«Øª«0¨®¦ì0,,,¨ä¥L,,,,0.0,0,0,0,¦³,µL,500000,1156,,0.0,0,,RPQNMLOLLHKFFEQ76EA
¥Á¶¯¶m,¤g¦a,µf¤l¬qµf¤l¤p¬q661~690¦a¸¹,4397.0,,¯S©w¹A·~°Ï,¹Aªª¥Î¦a,10402,¤g¦a1«Øª«0¨®¦ì0,,,¨ä¥L,,,,0.0,0,0,0,¦³,µL,5716100,1300,,0.0,0,,RPUNMLOLLHKFFCQ96EA
¤¤®H¶m,©Ð¦a(¤g¦a+«Øª«),¹Å¸q¿¤¤¤®H¶m©M¿³§ø«áÉÜ39«Ñ91~120¸¹,80.28,¦í,,,10402,¤g¦a1«Øª«1¨®¦ì0,¥þ,3,³z¤Ñ­í,¦í®a¥Î,¿ûµ¬²V¾®¤g³y,0910816,148.71,4,2,3,¦³,µL,5560000,37388,,0.0,0,,RPPNMLPLLHKFFDQ56DA
¤ô¤W¶m,©Ð¦a(¤g¦a+«Øª«),¹Å¸q¿¤¤ô¤W¶m·Ë¬w§ø¥~·Ë¬w481~510¸¹,97.82,,¤@¯ë¹A·~°Ï,¥ÒºØ«Ø¿v¥Î¦a,10402,¤g¦a1«Øª«1¨®¦ì0,¥þ,3,³z¤Ñ­í,¦í®a¥Î,¿ûµ¬²V¾®¤g³y,0860103,159.49,4,2,3,¦³,µL,3350000,21004,,0.0,0,,RPQNMLQJMHKFFDQ56CA
¤ô¤W¶m,¤g¦a,¤jÔ³§À¬q¤jÔ³¤p¬q61~90¦a¸¹,2282.0,,¯S©w¹A·~°Ï,¹Aªª¥Î¦a,10402,¤g¦a1«Øª«0¨®¦ì0,,,¨ä¥L,,,,0.0,0,0,0,¦³,µL,4300000,1884,,0.0,0,,RPXNMLTJMHKFFDQ57CA
¤Ó«O¥«,©Ð¦a(¤g¦a+«Øª«),¹Å¸q¿¤¤Ó«OÉ]³Â¼d¨½Âù¦Xµó190«Ñ1~30¸¹,123.25,¦í,,,10402,¤g¦a2«Øª«1¨®¦ì0,¥þ,3,³z¤Ñ­í,¦í®a¥Î,¿ûµ¬²V¾®¤g³y,1031227,169.31,4,2,3,¦³,µL,4580000,27051,,0.0,0,,RPSNMLTLLHKFFDQ17CA
¤Ó«O¥«,©Ð¦a(¤g¦a+«Øª«),¹Å¸q¿¤¤Ó«OÉ]³Â¼d¨½Âù¦Xµó190«Ñ1~30¸¹,124.25,¦í,,,10402,¤g¦a2«Øª«1¨®¦ì0,¥þ,3,³z¤Ñ­í,¦í®a¥Î,¿ûµ¬²V¾®¤g³y,1031227,169.31,4,2,3,¦³,µL,5000000,29532,,0.0,0,,RPTNMLTLLHKFFDQ27CA
¤ô¤W¶m,©Ð¦a(¤g¦a+«Øª«),¹Å¸q¿¤¤ô¤W¶m¤ôÀY§ø¤¤¿³¸ô90«Ñ1~30¸¹,98.17,¦í,,,10403,¤g¦a1«Øª«1¨®¦ì0,¥þ,4,³z¤Ñ­í,¨£¨ä¥Lµn°O¨Æ¶µ,¿ûµ¬²V¾®¤g³y,1030421,171.12,4,2,3,¦³,µL,5660000,33076,,0.0,0,,RPUNMLPLLHKFFDQ96CA
¤ô¤W¶m,¤g¦a,¤û¸Y®H¬q271~300¦a¸¹,7014.0,,¤@¯ë¹A·~°Ï,¹Aªª¥Î¦a,10402,¤g¦a3«Øª«0¨®¦ì0,,,¨ä¥L,,,,0.0,0,0,0,¦³,µL,5000000,713,,0.0,0,,RPSNMLQLLHKFFDQ86CA
¤ô¤W¶m,¤g¦a,¤T¬É®H¬q571~600¦a¸¹,16505.5,,¤s©Y¦a«O¨|°Ï,¹Aªª¥Î¦a,10402,¤g¦a7«Øª«0¨®¦ì0,,,¨ä¥L,,,,0.0,0,0,0,¦³,µL,19806600,1200,,0.0,0,»ùª÷Âù¤è¦Û¦æ¥æ¥I¡C,RPPNMLOLLHKFFDQ98CA
¤jªLÂí,¤g¦a,±Æ¤l¸ô¬q±Æ¤l¸ô¤p¬q181~210¦a¸¹,1404.0,,¯S©w¹A·~°Ï,¹Aªª¥Î¦a,10303,¤g¦a1«Øª«0¨®¦ì0,,,¨ä¥L,,,,0.0,0,0,0,¦³,µL,2127060,1515,,0.0,0,,RPQNMLQLLHKFFCQ56CA
¥Á¶¯¶m,¤g¦a,¥Á¥_¬q631~660¦a¸¹,203.33,¦í,,,10403,¤g¦a2«Øª«0¨®¦ì0,,,¨ä¥L,,,,0.0,0,0,0,¦³,µL,3500000,17213,,0.0,0,,RPWNMLKMLHKFFCQ66CA
¥Á¶¯¶m,©Ð¦a(¤g¦a+«Øª«),¹Å¸q¿¤¥Á¶¯¶mÂí¥_§ø1¾F¦`·¾áY¸ô1~30¸¹,9.11,,¯S©w¹A·~°Ï,¥ÒºØ«Ø¿v¥Î¦a,10403,¤g¦a1«Øª«1¨®¦ì0,¥|¼h,5,®M©Ð(1©Ð1ÆU1½Ã),¦í®a¥Î,¿ûµ¬²V¾®¤g³y,0840815,19.15,1,0,1,¦³,µL,500000,26110,,0.0,0,,RPTNMLKMLHKFFCQ98CA
¦µ¤l¥«,©Ð¦a(¤g¦a+«Øª«),¹Å¸q¿¤¦µ¤l¥«¤j?·}211~240¸¹,150.52,,¶m§ø°Ï,¤AºØ«Ø¿v¥Î¦a,10403,¤g¦a1«Øª«1¨®¦ì0,¥þ,4,³z¤Ñ­í,¦í°Ó¥Î,¿ûµ¬²V¾®¤g¥[±j¿j³y,0811224,207.25,4,2,3,¦³,µL,5000000,24125,,0.0,0,,RPPNMLOLLHKFFBQ78CA
¦µ¤l¥«,¤g¦a,¤û¬DÆW¬qªQµØ¤p¬q151~180¦a¸¹,424.0,,¯S©w¹A·~°Ï,¹Aªª¥Î¦a,10403,¤g¦a1«Øª«0¨®¦ì0,,,¨ä¥L,,,,0.0,0,0,0,¦³,µL,200000,472,,0.0,0,¿Ë¤Í¡B­û¤u©Î¨ä¥L¯S®íÃö«Y¶¡¤§¥æ©ö¡C,RPTNMLQLLHKFFBQ76CA
¦µ¤l¥«,©Ð¦a(¤g¦a+«Øª«),¹Å¸q¿¤¦µ¤l¥«¤¯©M¤@¸ô1~30¸¹,409.72,¦í,,,10403,¤g¦a12«Øª«2¨®¦ì0,¥þ,3,³z¤Ñ­í,¨£¨ä¥Lµn°O¨Æ¶µ,¿ûµ¬²V¾®¤g³y,1040106,421.46,6,1,5,¦³,¦³,21000000,49827,,0.0,0,,RPVNMLMJMHKFFBQ09CA
¦µ¤l¥«,©Ð¦a(¤g¦a+«Øª«),¹Å¸q¿¤¦µ¤l¥«¤¯©M¤@¸ô1~30¸¹,377.84,¦í,,,10403,¤g¦a11«Øª«2¨®¦ì0,¥þ,3,³z¤Ñ­í,¨£¨ä¥Lµn°O¨Æ¶µ,¿ûµ¬²V¾®¤g³y,1040106,431.25,6,1,5,¦³,¦³,21500000,49855,,0.0,0,,RPWNMLMJMHKFFBQ56CA
¦µ¤l¥«,©Ð¦a(¤g¦a+«Øª«),¹Å¸q¿¤¦µ¤l¥«¤¯©M¤@¸ô1~30¸¹,224.69,¦í,,,10312,¤g¦a7«Øª«1¨®¦ì0,¥þ,3,³z¤Ñ­í,¨£¨ä¥Lµn°O¨Æ¶µ,¿ûµ¬²V¾®¤g³y,1031024,294.25,4,2,5,¦³,¦³,14800000,50297,,0.0,0,,RPXNMLMJMHKFFBQ66CA
¸q¦Ë¶m,¤g¦a,«áÂí¬q«áÂí¤p¬q1~30¦a¸¹,2191.0,,¯S©w¹A·~°Ï,¹Aªª¥Î¦a,10403,¤g¦a1«Øª«0¨®¦ì0,,,¨ä¥L,,,,0.0,0,0,0,¦³,µL,3300000,1506,,0.0,0,,RPSNMLKMLHKFFBQ78CA
¦µ¤l¥«,¤g¦a,·s¼d¬q481~510¦a¸¹,274.23,¦í,,,10402,¤g¦a1«Øª«0¨®¦ì0,,,¨ä¥L,,,,0.0,0,0,0,¦³,µL,8295458,30250,,0.0,0,,RPPNMLKMLHKFFBQ48CA
¦µ¤l¥«,¤g¦a,·s¼d¬q481~510¦a¸¹,189.86,¦í,,,10402,¤g¦a1«Øª«0¨®¦ì0,,,¨ä¥L,,,,0.0,0,0,0,¦³,µL,2871632,15125,,0.0,0,,RPQNMLKMLHKFFBQ58CA
¤»¸}¶m,¤g¦a,«á±Y¤s¬q±Y¤s¤p¬q61~90¦a¸¹,3113.0,,¯S©w¹A·~°Ï,¹Aªª¥Î¦a,10403,¤g¦a1«Øª«0¨®¦ì0,,,¨ä¥L,,,,0.0,0,0,0,¦³,µL,2020000,649,,0.0,0,,RPQNMLQLLHKFFBQ09CA
ªF¥Û¶m,¤g¦a,·O¦w¬q361~390¦a¸¹,86.08,,¶m§ø°Ï,¤AºØ«Ø¿v¥Î¦a,10403,¤g¦a1«Øª«0¨®¦ì0,,,¨ä¥L,,,,0.0,0,0,0,¦³,µL,156234,1815,,0.0,0,¿Ë¤Í¡B­û¤u©Î¨ä¥L¯S®íÃö«Y¶¡¤§¥æ©ö¡C,RPSNMLQLLHKFFBQ66CA
¥Á¶¯¶m,©Ð¦a(¤g¦a+«Øª«)+¨®¦ì,¹Å¸q¿¤¥Á¶¯¶m¦è¦w§ø¥Á·Ë¸ô5«Ñ151~180¸¹,127.5,¦í,,,10402,¤g¦a1«Øª«1¨®¦ì1,¥þ,4,³z¤Ñ­í,¦í®a¥Î,¿ûµ¬²V¾®¤g³y,1031118,250.21,4,3,4,¦³,µL,12500000,49958,¤@¼Ó¥­­±,12.5,0,,RPROMLLMLHKFFCQ98CA
¥Á¶¯¶m,©Ð¦a(¤g¦a+«Øª«),¹Å¸q¿¤¥Á¶¯¶m¤å¶©§ø8¾FÀn¥À?61~90¸¹,153.25,¦í,,,10403,¤g¦a2«Øª«1¨®¦ì0,¥þ,3,³z¤Ñ­í,¦í®a¥Î,¿ûµ¬²V¾®¤g³y,0820417,196.17,5,2,4,¦³,µL,3500000,17842,,0.0,0,,RPPNMLRLLHKFFCQ56CA
·s´ä¶m,¤g¦a,«á©³´ò¬q«á©³´ò¤p¬q661~690¦a¸¹,3772.0,,¯S©w¹A·~°Ï,¹Aªª¥Î¦a,10402,¤g¦a1«Øª«0¨®¦ì0,,,¨ä¥L,,,,0.0,0,0,0,¦³,µL,4601840,1220,,0.0,0,,RPRNMLRLLHKFFCQ76CA
ªF¥Û¶m,¤g¦a,¤UçrªQ¬qçrªQ¤p¬q541~570¦a¸¹,1897.0,,¤@¯ë¹A·~°Ï,¹Aªª¥Î¦a,10402,¤g¦a1«Øª«0¨®¦ì0,,,¨ä¥L,,,,0.0,0,0,0,¦³,µL,1800000,949,,0.0,0,¿Ë¤Í¡B­û¤u©Î¨ä¥L¯S®íÃö«Y¶¡¤§¥æ©ö¡C,RPUNMLLJMHKFFBQ88CA
¤Ó«O¥«,©Ð¦a(¤g¦a+«Øª«),¹Å¸q¿¤¤Ó«OÉ]ÂÂ°ñ¨½5¾F·s°ñ31~60¸¹,123.0,,¶m§ø°Ï,¤AºØ«Ø¿v¥Î¦a,10402,¤g¦a1«Øª«1¨®¦ì0,¥þ,3,³z¤Ñ­í,¦í°Ó¥Î,¿ûµ¬²V¾®¤g³y,0810226,147.38,3,2,2,¦³,µL,4200000,28498,,0.0,0,,RPWNMLOLLHKFFDQ07CA
¤Ó«O¥«,©Ð¦a(¤g¦a+«Øª«),¹Å¸q¿¤¤Ó«OÉ]³Â¼d¨½Âù¦Xµó190«Ñ1~30¸¹,124.25,¦í,,,10402,¤g¦a2«Øª«1¨®¦ì0,¥þ,3,³z¤Ñ­í,¨£¨ä¥Lµn°O¨Æ¶µ,¿ûµ¬²V¾®¤g³y,1031227,169.31,4,2,3,¦³,µL,4800000,28350,,0.0,0,,RPUNMLTLLHKFFDQ37CA
¤Ó«O¥«,©Ð¦a(¤g¦a+«Øª«),¹Å¸q¿¤¤Ó«OÉ]³Â¼d¨½Âù¦Xµó190«Ñ1~30¸¹,112.25,¦í,,,10402,¤g¦a2«Øª«1¨®¦ì0,¥þ,3,³z¤Ñ­í,¨£¨ä¥Lµn°O¨Æ¶µ,¿ûµ¬²V¾®¤g³y,1031227,158.31,4,2,3,¦³,µL,4700000,29689,,0.0,0,,RPVNMLTLLHKFFDQ47CA
¤Ó«O¥«,©Ð¦a(¤g¦a+«Øª«),¹Å¸q¿¤¤Ó«OÉ]³Â¼d¨½Âù¦Xµó190«Ñ1~30¸¹,129.25,¦í,,,10402,¤g¦a2«Øª«1¨®¦ì0,¥þ,3,³z¤Ñ­í,¦í®a¥Î,¿ûµ¬²V¾®¤g³y,1031227,184.67,4,2,3,¦³,µL,4980000,26967,,0.0,0,,RPWNMLTLLHKFFDQ57CA
¤Ó«O¥«,©Ð¦a(¤g¦a+«Øª«),¹Å¸q¿¤¤Ó«OÉ]³Â¼d¨½Âù¦Xµó190«Ñ1~30¸¹,123.25,¦í,,,10402,¤g¦a2«Øª«1¨®¦ì0,¥þ,3,³z¤Ñ­í,¦í®a¥Î,¿ûµ¬²V¾®¤g³y,1031227,169.31,4,2,3,¦³,µL,5080000,30004,,0.0,0,,RPXNMLTLLHKFFDQ67CA
¤Ó«O¥«,©Ð¦a(¤g¦a+«Øª«),¹Å¸q¿¤¤Ó«OÉ]³Â¼d¨½Âù¦Xµó190«Ñ1~30¸¹,123.25,¦í,,,10402,¤g¦a2«Øª«1¨®¦ì0,¥þ,3,³z¤Ñ­í,¦í®a¥Î,¿ûµ¬²V¾®¤g³y,1031227,169.32,4,2,3,¦³,µL,5200000,30711,,0.0,0,,RPOOMLTLLHKFFDQ86CA
¤Ó«O¥«,©Ð¦a(¤g¦a+«Øª«),¹Å¸q¿¤¤Ó«OÉ]³Â¼d¨½Âù¦Xµó190«Ñ1~30¸¹,123.25,¦í,,,10402,¤g¦a2«Øª«1¨®¦ì0,¥þ,3,³z¤Ñ­í,¦í®a¥Î,¿ûµ¬²V¾®¤g³y,1031227,169.31,4,2,3,¦³,µL,4880000,28823,,0.0,0,,RPPOMLTLLHKFFDQ96CA
¤Ó«O¥«,©Ð¦a(¤g¦a+«Øª«),¹Å¸q¿¤¤Ó«OÉ]³Â¼d¨½Âù¦Xµó190«Ñ1~30¸¹,123.25,¦í,,,10402,¤g¦a2«Øª«1¨®¦ì0,¥þ,3,³z¤Ñ­í,¦í®a¥Î,¿ûµ¬²V¾®¤g³y,1031227,169.31,4,2,3,¦³,µL,5320000,31422,,0.0,0,,RPQOMLTLLHKFFDQ07CA
¤Ó«O¥«,©Ð¦a(¤g¦a+«Øª«),¹Å¸q¿¤¤Ó«OÉ]³Â¼d¨½Âù¦Xµó190«Ñ1~30¸¹,121.25,¦í,,,10402,¤g¦a2«Øª«1¨®¦ì0,¥þ,3,³z¤Ñ­í,¦í®a¥Î,¿ûµ¬²V¾®¤g³y,1031227,178.14,4,2,3,¦³,µL,4800000,26945,,0.0,0,,RPROMLTLLHKFFDQ17CA
¤¤®H¶m,¤g¦a,¥ÛŽö¬q1~30¦a¸¹,12554.0,,¤s©Y¦a«O¨|°Ï,ªL·~¥Î¦a,10403,¤g¦a1«Øª«0¨®¦ì0,,,¨ä¥L,,,,0.0,0,0,0,¦³,µL,687000,55,,0.0,0,,RPQNMLKMLHKFFDQ78CA
¤jªLÂí,¤g¦a,·s¤j®H¬ü¬q2611~2640¦a¸¹,4.8,,¶m§ø°Ï,¤AºØ«Ø¿v¥Î¦a,10401,¤g¦a3«Øª«0¨®¦ì0,,,¨ä¥L,,,,0.0,0,0,0,¦³,µL,74800,15583,,0.0,0,,RPQNMLQJMHKFFCQ09CA
¥Á¶¯¶m,¤g¦a,ªQ¤l¸}¬q151~180¦a¸¹,3243.0,,¤@¯ë¹A·~°Ï,¹Aªª¥Î¦a,10403,¤g¦a1«Øª«0¨®¦ì0,,,¨ä¥L,,,,0.0,0,0,0,¦³,µL,4997497,1541,,0.0,0,,RPRNMLQJMHKFFCQ56CA
¥Á¶¯¶m,¤g¦a,ªQ¤l¸}¬q151~180¦a¸¹,2792.0,,¤@¯ë¹A·~°Ï,¹Aªª¥Î¦a,10403,¤g¦a1«Øª«0¨®¦ì0,,,¨ä¥L,,,,0.0,0,0,0,¦³,µL,4302503,1541,,0.0,0,,RPSNMLQJMHKFFCQ66CA
µf¸ô¶m,¤g¦a,¤ºÂ|¬q541~570¦a¸¹,456.0,¹A,,,10403,¤g¦a1«Øª«0¨®¦ì0,,,¨ä¥L,,,,0.0,0,0,0,¦³,µL,1960000,4298,,0.0,0,,RPPNMLQLLHKFFEQ66CA
µf¸ô¶m,¤g¦a,¤ºÂ|¬q91~120¦a¸¹,943.21,¨ä¥L,,,10310,¤g¦a4«Øª«0¨®¦ì0,,,¨ä¥L,,,,0.0,0,0,0,¦³,µL,1600000,1696,,0.0,0,,RPPNMLRLLHKFFEQ76CA
¤Ó«O¥«,©Ð¦a(¤g¦a+«Øª«),¹Å¸q¿¤¤Ó«OÉ]ªF¶Õ¨½«H¸q¤G¸ô151~180¸¹,269.47,¦í,,,10402,¤g¦a8«Øª«3¨®¦ì0,¥þ,4,³z¤Ñ­í,¨£¨ä¥Lµn°O¨Æ¶µ,¿ûµ¬²V¾®¤g³y,0960929,272.32,6,3,4,¦³,¦³,10800000,39659,,0.0,0,,RPUNMLKKMHKFFDQ09CA
¤¤®H¶m,©Ð¦a(¤g¦a+«Øª«),¹Å¸q¿¤¤¤®H¶m¤¤µØ¸ô841~870¸¹,89.28,¦í,,,10403,¤g¦a2«Øª«1¨®¦ì0,¥þ,4,³z¤Ñ­í,¨£¨ä¥Lµn°O¨Æ¶µ,¿ûµ¬²V¾®¤g³y,0970516,262.22,5,2,4,¦³,µL,7500000,28602,,0.0,0,,RPQNMLPLLHKFFDQ66DA
¤ô¤W¶m,¤g¦a,¤Q¤@«ü­í¬q¶¶¿³¤p¬q181~210¦a¸¹,4870.0,,¯S©w¹A·~°Ï,¹Aªª¥Î¦a,10403,¤g¦a2«Øª«0¨®¦ì0,,,¨ä¥L,,,,0.0,0,0,0,¦³,µL,5000000,1027,,0.0,0,,RPRNMLPLLHKFFDQ76DA
¤ô¤W¶m,¤g¦a,¤T¬É®H¬q241~270¦a¸¹,3862.0,,¯S©w¹A·~°Ï,¹Aªª¥Î¦a,10307,¤g¦a1«Øª«0¨®¦ì0,,,¨ä¥L,,,,0.0,0,0,0,¦³,µL,2900000,751,,0.0,0,,RPSNMLPLLHKFFDQ86DA
¤ô¤W¶m,©Ð¦a(¤g¦a+«Øª«),¹Å¸q¿¤¤ô¤W¶m¥Á¥Í§ø25¾F¦Û±jµó31~60¸¹,202.7,,¶m§ø°Ï,¤AºØ«Ø¿v¥Î¦a,10403,¤g¦a3«Øª«1¨®¦ì0,¥þ,2,³z¤Ñ­í,¦í®a¥Î,¿ûµ¬²V¾®¤g¥[±j¿j³y,0720601,106.64,4,2,2,¦³,µL,3100000,29070,,0.0,0,,RPPNMLQLLHKFFDQ66DA
¤Ó«O¥«,©Ð¦a(¤g¦a+«Øª«),¹Å¸q¿¤¤Ó«OÉ]«á¼æ¨½«á¼æ421~450¸¹,134.01,¦í,,,10402,¤g¦a2«Øª«1¨®¦ì0,¥þ,3,³z¤Ñ­í,¦í®a¥Î,¿ûµ¬²V¾®¤g³y,0940127,166.97,3,3,2,¦³,µL,4300000,25753,,0.0,0,,RPXNMLQLLHKFFDQ47DA
¦µ¤l¥«,©Ð¦a(¤g¦a+«Øª«),¹Å¸q¿¤¦µ¤l¥«¦µ¤l¤T¸ô91~120¸¹,11.06,¦í,,,10403,¤g¦a1«Øª«1¨®¦ì0,¤T¼h,4,®M©Ð(1©Ð1ÆU1½Ã),¦í®a¥Î,¿ûµ¬²V¾®¤g³y,0910423,26.05,1,1,1,¦³,µL,800000,30710,,0.0,0,,RPPNMLKLMHKFFBQ58DA
ªF¥Û¶m,©Ð¦a(¤g¦a+«Øª«),¹Å¸q¿¤ªF¥Û¶m°ÆÃu31~60¸¹,69.0,,¶m§ø°Ï,¤AºØ«Ø¿v¥Î¦a,10403,¤g¦a1«Øª«1¨®¦ì0,¥þ,2,³z¤Ñ­í,¦í®a¥Î,¿ûµ¬²V¾®¤g¥[±j¿j³y,0731130,112.51,4,2,2,¦³,µL,800000,7110,,0.0,0,,RPRNMLQLLHKFFBQ66DA
¥¬³UÂí,¤g¦a,¦Ò¸Õ¼æ¬q³À¼d¤p¬q451~480¦a¸¹,4100.23,,¤@¯ë¹A·~°Ï,¹Aªª¥Î¦a,10403,¤g¦a1«Øª«0¨®¦ì0,,,¨ä¥L,,,,0.0,0,0,0,¦³,µL,2100000,512,,0.0,0,,RPQNMLRLLHKFFBQ66DA
¤ô¤W¶m,©Ð¦a(¤g¦a+«Øª«),¹Å¸q¿¤¤ô¤W¶m¤ô¤W§ø¤K¼wµó1~30¸¹,95.07,,¶m§ø°Ï,¤AºØ«Ø¿v¥Î¦a,10403,¤g¦a1«Øª«1¨®¦ì0,¥þ,2,³z¤Ñ­í,¦í®a¥Î,¿ûµ¬²V¾®¤g¥[±j¿j³y,0710910,97.0,3,2,2,¦³,µL,2500000,25773,,0.0,0,,RPUNMLTJMHKFFDQ37DA
¤jªLÂí,¤g¦a,ªFªL¬q781~810¦a¸¹,98.13,¦í,,,10402,¤g¦a1«Øª«0¨®¦ì0,,,¨ä¥L,,,,0.0,0,0,0,¦³,µL,2420000,24661,,0.0,0,,RPXNMLKMLHKFFCQ96EA
¤jªLÂí,¤g¦a,ªFªL¬q781~810¦a¸¹,98.6,¦í,,,10402,¤g¦a1«Øª«0¨®¦ì0,,,¨ä¥L,,,,0.0,0,0,0,¦³,µL,2420000,24544,,0.0,0,,RPOOMLKMLHKFFCQ78EA
·s´ä¶m,¤g¦a,¤¤¬v¤l¬q¤¤¬v¤p¬q481~510¦a¸¹,2940.0,,¯S©w¹A·~°Ï,¹Aªª¥Î¦a,10403,¤g¦a1«Øª«0¨®¦ì0,,,¨ä¥L,,,,0.0,0,0,0,¦³,µL,4700000,1599,,0.0,0,,RPPNMLLKMHKFFCQ68DA
¤¤®H¶m,¤g¦a,¸q¤¯¬q361~390¦a¸¹,3477.32,¹A,,,10403,¤g¦a2«Øª«0¨®¦ì0,,,¨ä¥L,,,,0.0,0,0,0,¦³,µL,3500000,1007,,0.0,0,,RPVNMLKMLHKFFDQ76DA
¤¤®H¶m,¤g¦a,³»®H¬q151~180¦a¸¹,3023.0,,¤@¯ë¹A·~°Ï,¹Aªª¥Î¦a,10402,¤g¦a1«Øª«0¨®¦ì0,,,¨ä¥L,,,,0.0,0,0,0,¦³,µL,2850000,943,,0.0,0,,RPTNMLLJMHKFFDQ09DA
¤¤®H¶m,©Ð¦a(¤g¦a+«Øª«),¹Å¸q¿¤¤¤®H¶m¤¤®H¶m©M¬ü§ø¤¤¤s·s?361~390¸¹,132.04,¦í,,,10402,¤g¦a1«Øª«1¨®¦ì0,¥þ,2,³z¤Ñ­í,¦í°Ó¥Î,¿ûµ¬²V¾®¤g¥[±j¿j³y,0700114,122.16,4,1,2,¦³,µL,3600000,29470,,0.0,0,,RPRNMLQLLHKFFDQ86DA
¥Á¶¯¶m,©Ð¦a(¤g¦a+«Øª«),¹Å¸q¿¤¥Á¶¯¶mªF´ò§øªF¶Õ´ò1~30¸¹,100.09,,¯S©w¹A·~°Ï,¥ÒºØ«Ø¿v¥Î¦a,10403,¤g¦a5«Øª«1¨®¦ì0,¥þ,3,³z¤Ñ­í,¦í®a¥Î,¿ûµ¬²V¾®¤g³y,1040116,149.96,4,2,3,¦³,µL,4870000,32475,,0.0,0,,RPSPMLRJMHKFFCQ96CA
¥Á¶¯¶m,©Ð¦a(¤g¦a+«Øª«)+¨®¦ì,¹Å¸q¿¤¥Á¶¯¶mºÖ¼Ö§ø°ñ¨¤1~30¸¹,22.74,¦í,,,10403,¤g¦a1«Øª«1¨®¦ì0,¥|¼h,11,¦í¦v¤j¼Ó(11¼h§t¥H¤W¦³¹q±è),¨£¨ä¥Lµn°O¨Æ¶µ,¿ûµ¬²V¾®¤g³y,0830808,126.81,3,2,2,¦³,¦³,2000000,15772,©Y¹D¾÷±ñ,0.0,0,,RPQOMLTJMHKFFCQ86CA
¥Á¶¯¶m,©Ð¦a(¤g¦a+«Øª«),¹Å¸q¿¤¥Á¶¯¶mªF´ò§øªF¶Õ´ò1~30¸¹,94.96,,¯S©w¹A·~°Ï,¥ÒºØ«Ø¿v¥Î¦a,10403,¤g¦a4«Øª«1¨®¦ì0,¥þ,3,³z¤Ñ­í,¦í®a¥Î,¿ûµ¬²V¾®¤g³y,1040116,148.53,4,2,3,¦³,µL,5000000,33663,,0.0,0,,RPUPMLRJMHKFFCQ17CA
¤ô¤W¶m,©Ð¦a(¤g¦a+«Øª«),¹Å¸q¿¤¤ô¤W¶m¤U¼d§øÂF·Ë¼d181~210¸¹,180.71,¦í,,,10403,¤g¦a7«Øª«1¨®¦ì0,¥þ,4,³z¤Ñ­í,¨£¨ä¥Lµn°O¨Æ¶µ,¿ûµ¬²V¾®¤g³y,0951205,285.21,4,2,4,¦³,µL,8500000,29803,,0.0,0,,RPVNMLQLLHKFFDQ17CA
¥Á¶¯¶m,©Ð¦a(¤g¦a+«Øª«),¹Å¸q¿¤¥Á¶¯¶mÂí¥_§ø¦`·¾áY1~30¸¹,10.06,,¯S©w¹A·~°Ï,¥ÒºØ«Ø¿v¥Î¦a,10403,¤g¦a1«Øª«1¨®¦ì0,¥|¼h,5,®M©Ð(1©Ð1ÆU1½Ã),¦í®a¥Î,¿ûµ¬²V¾®¤g³y,0840815,21.08,1,0,1,¦³,µL,500000,23719,,0.0,0,,RPUNMLKMLHKFFCQ09CA
·s´ä¶m,©Ð¦a(¤g¦a+«Øª«),¹Å¸q¿¤·s´ä¶m®c«e§ø¹Å¥Á¸ô271~300¸¹,90.22,¦í,,,10403,¤g¦a1«Øª«1¨®¦ì0,¥þ,3,³z¤Ñ­í,¨£¨ä¥Lµn°O¨Æ¶µ,¿ûµ¬²V¾®¤g³y,1040120,189.05,4,2,4,¦³,µL,8800000,46549,,0.0,0,,RPVNMLKMLHKFFCQ56CA
¤jªLÂí,¤g¦a,ªFªL¬q781~810¦a¸¹,47.13,¦í,,,10402,¤g¦a1«Øª«0¨®¦ì0,,,¨ä¥L,,,,0.0,0,0,0,¦³,µL,1140000,24188,,0.0,0,,RPTNMLRLLHKFFCQ96CA
¤jªLÂí,©Ð¦a(¤g¦a+«Øª«),¹Å¸q¿¤¤jªLÂí¦NªL¨½6¾F¤¤¤s¸ô1«Ñ31~60¸¹,85.64,¦í,,,10403,¤g¦a3«Øª«1¨®¦ì0,¥þ,3,³z¤Ñ­í,¦í°Ó¥Î,¨£¨Ï¥Î°õ·Ó,0811030,153.94,3,1,3,¦³,µL,4800000,31181,,0.0,0,,RPSNMLLMLHKFFCQ98CA
¦µ¤l¥«,©Ð¦a(¤g¦a+«Øª«),¹Å¸q¿¤¦µ¤l¥«¦µªF¤@µó1~30¸¹,18.81,¦í,,,10402,¤g¦a1«Øª«1¨®¦ì0,¥|¼h,5,®M©Ð(1©Ð1ÆU1½Ã),¨£¨ä¥Lµn°O¨Æ¶µ,¿ûµ¬²V¾®¤g³y,1030625,49.89,1,1,1,¦³,µL,2100000,42093,,0.0,0,,RPTNMLLJMHKFFBQ78CA
¦µ¤l¥«,¤g¦a,¹Å¦µ¬q181~210¦a¸¹,222.07,¦í,,,10311,¤g¦a1«Øª«0¨®¦ì0,,,¨ä¥L,,,,0.0,0,0,0,¦³,µL,7950000,35800,,0.0,0,,RPPOMLMJMHKFFBQ58CA
¦µ¤l¥«,©Ð¦a(¤g¦a+«Øª«),¹Å¸q¿¤¦µ¤l¥«§d¦Ë¤l¸}61~90¸¹,533.0,,¯S©w¹A·~°Ï,¥ÒºØ«Ø¿v¥Î¦a,10402,¤g¦a1«Øª«1¨®¦ì0,¥þ,1,³z¤Ñ­í,¦í®a¥Î,¨£¨ä¥Lµn°O¨Æ¶µ,0630115,85.92,0,0,0,µL,µL,3100000,36080,,0.0,0,,RPPNMLNKMHKFFBQ68CA
¸q¦Ë¶m,¤g¦a,·Ë¬w¬q¤W·Ë¤p¬q61~90¦a¸¹,252.29,,¯S©w¹A·~°Ï,¥ÒºØ«Ø¿v¥Î¦a,10403,¤g¦a1«Øª«0¨®¦ì0,,,¨ä¥L,,,,0.0,0,0,0,¦³,µL,457860,1815,,0.0,0,,RPTNMLOKMHKFFBQ56CA
¸q¦Ë¶m,¤g¦a,¦w·Ë¼d¬q¥­·Ë¤p¬q721~750¦a¸¹,1198.5,,¯S©w¹A·~°Ï,¹Aªª¥Î¦a,10403,¤g¦a1«Øª«0¨®¦ì0,,,¨ä¥L,,,,0.0,0,0,0,¦³,µL,600000,501,,0.0,0,,RPPNMLRLLHKFFBQ09CA
ªF¥Û¶m,¤g¦a,¹L·¾¬q¹L·¾¤p¬q421~450¦a¸¹,3155.88,,¤@¯ë¹A·~°Ï,¹Aªª¥Î¦a,10403,¤g¦a2«Øª«0¨®¦ì0,,,¨ä¥L,,,,0.0,0,0,0,¦³,µL,650000,206,,0.0,0,¨ü¶ÅÅv¶Å°È¼vÅT©èÀv¤§¥æ©ö¡C,RPOOMLKMLHKFFBQ48CA
¥Á¶¯¶m,©Ð¦a(¤g¦a+«Øª«),¹Å¸q¿¤¥Á¶¯¶m¤å¶©§ø7¾FÀn¥À?61~90¸¹,91.41,¦í,,,10402,¤g¦a2«Øª«1¨®¦ì0,¥þ,3,³z¤Ñ­í,¨£¨ä¥Lµn°O¨Æ¶µ,¿ûµ¬²V¾®¤g³y,0940824,156.98,4,2,3,¦³,µL,3800000,24207,,0.0,0,,RPUNMLRLLHKFFCQ07CA
¥Á¶¯¶m,¤g¦a,±[¤l³»¬q661~690¦a¸¹,2595.0,,¯S©w¹A·~°Ï,¹Aªª¥Î¦a,10403,¤g¦a1«Øª«0¨®¦ì0,,,¨ä¥L,,,,0.0,0,0,0,¦³,µL,2854500,1100,,0.0,0,¿Ë¤Í¡B­û¤u©Î¨ä¥L¯S®íÃö«Y¶¡¤§¥æ©ö¡C,RPSNMLMJMHKFFCQ88CA
¤jªLÂí,©Ð¦a(¤g¦a+«Øª«),¹Å¸q¿¤¤jªLÂí©ú©M¨½11¾F¥Ì½©±[¸ô224«Ñ31~60¸¹,134.48,¦í,,,10402,¤g¦a2«Øª«1¨®¦ì0,¥þ,4,³z¤Ñ­í,¦í°Ó¥Î,¿ûµ¬²V¾®¤g³y,0830916,219.5,5,2,3,¦³,µL,4000000,18223,,0.0,0,,RPTNMLMJMHKFFCQ98CA
¤jªLÂí,¤g¦a,·s¤j®H¬ü¬q2491~2520¦a¸¹,347.07,,¶m§ø°Ï,¤AºØ«Ø¿v¥Î¦a,10403,¤g¦a2«Øª«0¨®¦ì0,,,¨ä¥L,,,,0.0,0,0,0,¦³,µL,2223500,6406,,0.0,0,,RPSNMLRLLHKFFCQ86CA
³À¯ó¶m,¤g¦a,®üÂ×¬q®üÂ×¤p¬q1~30¦a¸¹,1710.0,,¯S©w¹A·~°Ï,¹Aªª¥Î¦a,10403,¤g¦a1«Øª«0¨®¦ì0,,,¨ä¥L,,,,0.0,0,0,0,¦³,µL,2137500,1250,,0.0,0,,RPWNMLQLLHKFFDQ27CA
¥Á¶¯¶m,©Ð¦a(¤g¦a+«Øª«),¹Å¸q¿¤¥Á¶¯¶m¤T¿³§ø7¾F¤T¿³¸ô151~180¸¹,104.58,¦í,,,10403,¤g¦a1«Øª«1¨®¦ì0,¥þ,4,³z¤Ñ­í,¨£¨ä¥Lµn°O¨Æ¶µ,¿ûµ¬²V¾®¤g³y,0950814,228.34,8,1,8,¦³,µL,8000000,35035,,0.0,0,,RPPNMLKLMHKFFCQ58CA
¤ô¤W¶m,©Ð¦a(¤g¦a+«Øª«),¹Å¸q¿¤¤ô¤W¶m«n©M§ø«n¹t1~30¸¹,93.0,,¶m§ø°Ï,¤AºØ«Ø¿v¥Î¦a,10402,¤g¦a1«Øª«1¨®¦ì0,¥þ,3,³z¤Ñ­í,¦í®a¥Î,¿ûµ¬²V¾®¤g³y,0860425,160.25,4,2,3,¦³,µL,2950000,18409,,0.0,0,,RPQOMLRLLHKFFDQ86CA
¥Á¶¯¶m,©Ð¦a(¤g¦a+«Øª«),¹Å¸q¿¤¥Á¶¯¶m¥_¤æ§ø·s¥¿¤»µó1~30¸¹,78.0,,¶m§ø°Ï,¤AºØ«Ø¿v¥Î¦a,10403,¤g¦a1«Øª«1¨®¦ì0,¥þ,3,³z¤Ñ­í,¦í®a¥Î,¿ûµ¬²V¾®¤g³y,0910114,125.47,4,2,3,¦³,µL,3070000,24468,,0.0,0,,RPPNMLRJMHKFFCQ09CA
¥Á¶¯¶m,©Ð¦a(¤g¦a+«Øª«),¹Å¸q¿¤¥Á¶¯¶mªí¸¹,417.22,¦í,,,10403,¤g¦a1«Øª«1¨®¦ì0,¥þ,5,³z¤Ñ­í,¨£¨ä¥Lµn°O¨Æ¶µ,¿ûµ¬²V¾®¤g³y,0960313,1071.05,51,1,52,¦³,µL,38000000,35479,,0.0,0,,RPPOMLPKMHKFFCQ09CA
¤¤®H¶m,¤g¦a,¤T¼h±T¬q1~30¦a¸¹,4041.0,,¤s©Y¦a«O¨|°Ï,¹Aªª¥Î¦a,10401,¤g¦a2«Øª«0¨®¦ì0,,,¨ä¥L,,,,0.0,0,0,0,¦³,µL,1250000,309,,0.0,0,,RPUNMLRLLHKFFDQ27DA
¤Ó«O¥«,¤g¦a,¹Å·s¬q901~930¦a¸¹,107.6,¦í,,,10403,¤g¦a2«Øª«0¨®¦ì0,,,¨ä¥L,,,,0.0,0,0,0,¦³,µL,800000,7435,,0.0,0,,RPOOMLRLLHKFFDQ76DA
¤jªLÂí,¤g¦a,¤¤§|¬q361~390¦a¸¹,6746.0,,¤@¯ë¹A·~°Ï,¹Aªª¥Î¦a,10403,¤g¦a1«Øª«0¨®¦ì0,,,¨ä¥L,,,,0.0,0,0,0,¦³,µL,2500000,371,,0.0,0,,RPSNMLNKMHKFFCQ56DA
¤»¸}¶m,¤g¦a,¤»¸}¬q¤»¹Å¤p¬q241~270¦a¸¹,6348.0,,¶m§ø°Ï,¤AºØ«Ø¿v¥Î¦a,10402,¤g¦a1«Øª«0¨®¦ì0,,,¨ä¥L,,,,0.0,0,0,0,¦³,µL,20631000,3250,,0.0,0,,RPSNMLRLLHKFFBQ86DA
¤»¸}¶m,¤g¦a,¤»¸}¬q¤»¹Å¤p¬q241~270¦a¸¹,3518.23,,¶m§ø°Ï,¤AºØ«Ø¿v¥Î¦a,10402,¤g¦a1«Øª«0¨®¦ì0,,,¨ä¥L,,,,0.0,0,0,0,¦³,µL,11434248,3250,,0.0,0,,RPTNMLRLLHKFFBQ96DA
¦Ë±T¶m,©Ð¦a(¤g¦a+«Øª«),¹Å¸q¿¤¦Ë±T¶mÆW¾ô§øÆW¾ô325«Ñ1§Ë1~30¸¹,129.39,,¶m§ø°Ï,¤AºØ«Ø¿v¥Î¦a,10403,¤g¦a2«Øª«1¨®¦ì0,¥þ,4,³z¤Ñ­í,¦í®a¥Î,¿ûµ¬²V¾®¤g³y,1030604,186.1,4,2,4,¦³,µL,6200000,33315,,0.0,0,,RPRNMLLMLHKFFEQ09CA
¤ô¤W¶m,©Ð¦a(¤g¦a+«Øª«),¹Å¸q¿¤¤ô¤W¶m«n©M§ø«á¼d61~90¸¹,77.1,,¯S©w¹A·~°Ï,¥ÒºØ«Ø¿v¥Î¦a,10403,¤g¦a2«Øª«1¨®¦ì0,¥þ,3,³z¤Ñ­í,¦í®a¥Î,¿ûµ¬²V¾®¤g³y,0871124,124.21,4,2,3,¦³,µL,2000000,16102,,0.0,0,,RPPNMLRJMHKFFDQ56CA
¤ô¤W¶m,©Ð¦a(¤g¦a+«Øª«),¹Å¸q¿¤¤ô¤W¶m¬h¶m§ø¬h¤lªL151~180¸¹,31.43,,¶m§ø°Ï,¤AºØ«Ø¿v¥Î¦a,10403,¤g¦a1«Øª«1¨®¦ì0,¥|¼h,5,µØ·H(10¼h§t¥H¤U¦³¹q±è),¦í®a¥Î,¿ûµ¬²V¾®¤g³y,0860524,110.32,3,2,1,¦³,¦³,1260000,11421,,0.0,0,,RPXNMLOKMHKFFDQ17CA
¥Á¶¯¶m,¤g¦a,¤j±T¸}¬q211~240¦a¸¹,648.81,,¤@¯ë¹A·~°Ï,¥ÒºØ«Ø¿v¥Î¦a,10403,¤g¦a2«Øª«0¨®¦ì0,,,¨ä¥L,,,,0.0,0,0,0,¦³,µL,2000000,3083,,0.0,0,,RPWNMLLJMHKFFCQ76EA
¤¤®H¶m,¤g¦a,íB¥JªL¬q721~750¦a¸¹,2855.16,,¤s©Y¦a«O¨|°Ï,¹Aªª¥Î¦a,10403,¤g¦a2«Øª«0¨®¦ì0,,,¨ä¥L,,,,0.0,0,0,0,¦³,µL,2800000,981,,0.0,0,,RPQNMLKKMHKFFDQ78DA
¤Ó«O¥«,¤g¦a,¥_·s¬q1~30¦a¸¹,188.87,¹A,,,10403,¤g¦a1«Øª«0¨®¦ì0,,,¨ä¥L,,,,0.0,0,0,0,¦³,µL,150000,794,,0.0,0,,RPPNMLOLMHKFFDQ56DA
¥Á¶¯¶m,¤g¦a,¤j±T¬q2071~2100¦a¸¹,882.71,,¤@¯ë¹A·~°Ï,¹Aªª¥Î¦a,10403,¤g¦a1«Øª«0¨®¦ì0,,,¨ä¥L,,,,0.0,0,0,0,¦³,µL,1335000,1512,,0.0,0,,RPQNMLKMLHKFFCQ88EA
·Ë¤f¶m,¤g¦a,³»©W¬q¤U©W¤p¬q391~420¦a¸¹,1830.0,,¯S©w¹A·~°Ï,¹Aªª¥Î¦a,10402,¤g¦a1«Øª«0¨®¦ì0,,,¨ä¥L,,,,0.0,0,0,0,¦³,µL,1738500,950,,0.0,0,,RPVNMLLMLHKFFCQ86EA
·Ë¤f¶m,¤g¦a,³»©W¬q¤U©W¤p¬q331~360¦a¸¹,1195.0,,¯S©w¹A·~°Ï,¹Aªª¥Î¦a,10402,¤g¦a1«Øª«0¨®¦ì0,,,¨ä¥L,,,,0.0,0,0,0,¦³,µL,1135250,950,,0.0,0,,RPXNMLLMLHKFFCQ07EA
·Ë¤f¶m,¤g¦a,³»©W¬q¤U©W¤p¬q511~540¦a¸¹,2579.0,,¯S©w¹A·~°Ï,¹Aªª¥Î¦a,10402,¤g¦a1«Øª«0¨®¦ì0,,,¨ä¥L,,,,0.0,0,0,0,¦³,µL,2450050,950,,0.0,0,,RPOOMLLMLHKFFCQ88EA
·Ë¤f¶m,¤g¦a,³»©W¬q¤U©W¤p¬q451~480¦a¸¹,3461.0,,¯S©w¹A·~°Ï,¹Aªª¥Î¦a,10402,¤g¦a1«Øª«0¨®¦ì0,,,¨ä¥L,,,,0.0,0,0,0,¦³,µL,3287950,950,,0.0,0,,RPPOMLLMLHKFFCQ98EA
·Ë¤f¶m,¤g¦a,¤W±[¬q§®±[¤p¬q1~30¦a¸¹,1329.0,,¯S©w¹A·~°Ï,¹Aªª¥Î¦a,10402,¤g¦a1«Øª«0¨®¦ì0,,,¨ä¥L,,,,0.0,0,0,0,¦³,µL,1196100,900,,0.0,0,²½ªÁ¤½·~¸Ñ´²,RPQOMLLMLHKFFCQ09EA
¸q¦Ë¶m,¤g¦a,©¤¸}¬q841~870¦a¸¹,25.88,¦í,,,10403,¤g¦a1«Øª«0¨®¦ì0,,,¨ä¥L,,,,0.0,0,0,0,¦³,µL,180000,6955,,0.0,0,¦V°ê¦³°]²£¸p©ÓÁÊ,RPRNMLRJMHKFFBQ76EA
¤ô¤W¶m,©Ð¦a(¤g¦a+«Øª«),¹Å¸q¿¤¤ô¤W¶m¥Á¥Í§ø¦¨¥\µó10«Ñ1~30¸¹,73.21,,¶m§ø°Ï,¤AºØ«Ø¿v¥Î¦a,10402,¤g¦a1«Øª«1¨®¦ì0,¥þ,2,³z¤Ñ­í,¦í®a¥Î,¿ûµ¬²V¾®¤g¥[±j¿j³y,0690401,90.1,3,2,2,¦³,µL,3500000,38846,,0.0,0,,RPQNMLRJMHKFFDQ66CA
¦Ë±T¶m,¤g¦a,µf¤l¼æ¬q421~450¦a¸¹,788.83,,¤@¯ë¹A·~°Ï,¹Aªª¥Î¦a,10403,¤g¦a1«Øª«0¨®¦ì0,,,¨ä¥L,,,,0.0,0,0,0,¦³,µL,720000,913,,0.0,0,©è©ã¶U´Ú©Ó±µ,RPPNMLTJMHKFFEQ86CA
¤¤®H¶m,¤g¦a,¤j¸q¬q121~150¦a¸¹,393.97,,¶m§ø°Ï,¤AºØ«Ø¿v¥Î¦a,10402,¤g¦a2«Øª«0¨®¦ì0,,,¨ä¥L,,,,0.0,0,0,0,¦³,µL,3661000,9293,,0.0,0,,RPQNMLLKMHKFFDQ78CA
µf¸ô¶m,¤g¦a,µf¸ô¬q31~60¦a¸¹,250.77,,­·´º°Ï,ªL·~¥Î¦a,10403,¤g¦a2«Øª«0¨®¦ì0,,,¨ä¥L,,,,0.0,0,0,0,¦³,µL,2900000,11564,,0.0,0,,RPQNMLLMLHKFFEQ98CA
¤»¸}¶m,¤g¦a,Ä¬­í¬q1171~1200¦a¸¹,210.21,,¶m§ø°Ï,¤AºØ«Ø¿v¥Î¦a,10403,¤g¦a1«Øª«0¨®¦ì0,,,¨ä¥L,,,,0.0,0,0,0,¦³,µL,890000,4234,,0.0,0,¦V°ê¦³°]²£§½©ÓÁÊ,RPUNMLRLLHKFFBQ07DA
¤»¸}¶m,¤g¦a,±[¶§¬q121~150¦a¸¹,71.74,,¶m§ø°Ï,¤AºØ«Ø¿v¥Î¦a,10403,¤g¦a1«Øª«0¨®¦ì0,,,¨ä¥L,,,,0.0,0,0,0,¦³,µL,2387150,33275,,0.0,0,,RPQNMLOLMHKFFBQ09DA
¦Ë±T¶m,©Ð¦a(¤g¦a+«Øª«)+¨®¦ì,¹Å¸q¿¤¦Ë±T¶mÆW¾ô§ø24¾F¤­¶¡­í31~60¸¹,99.73,,¶m§ø°Ï,¤AºØ«Ø¿v¥Î¦a,10401,¤g¦a3«Øª«1¨®¦ì1,¥þ,4,³z¤Ñ­í,¦í®a¥Î,¿ûµ¬²V¾®¤g³y,1031222,173.92,4,2,3,¦³,µL,7750000,44561,¤@¼Ó¥­­±,0.0,0,,RPWNMLQKMHKFFEQ37CA
¥Á¶¯¶m,©Ð¦a(¤g¦a+«Øª«),¹Å¸q¿¤¥Á¶¯¶m¿³«n§ø12¾FÀY¾ô¸ô691~720¸¹,28.88,¦í,,,10403,¤g¦a2«Øª«1¨®¦ì0,¤T¼h,5,¤½´J(5¼Ó§t¥H¤UµL¹q±è),¦í®a¥Î,¿ûµ¬²V¾®¤g³y,0811130,94.74000000000001,3,2,1,¦³,µL,1700000,17944,,0.0,0,,RPRNMLLJMHKFFCQ68CA
¥Á¶¯¶m,©Ð¦a(¤g¦a+«Øª«),¹Å¸q¿¤¥Á¶¯¶mºÖ¼Ö§ø«Ø°ê¸ô¤T¬q124«Ñ8§Ë31~60¸¹,116.44,¦í,,,10402,¤g¦a1«Øª«1¨®¦ì0,¥þ,2,³z¤Ñ­í,¦í°Ó¥Î,¿ûµ¬²V¾®¤g¥[±j¿j³y,0680924,109.14,3,1,3,¦³,µL,2000000,18325,,0.0,0,,RPVNMLTKMHKFFCQ37CA
¥Á¶¯¶m,¤g¦a,Âù´©¬q¦ó­í¤p¬q451~480¦a¸¹,1771.0,,¯S©w¹A·~°Ï,¹Aªª¥Î¦a,10403,¤g¦a1«Øª«0¨®¦ì0,,,¨ä¥L,,,,0.0,0,0,0,¦³,µL,1450000,819,,0.0,0,,RPUNMLRJMHKFFCQ96CA
¥Á¶¯¶m,©Ð¦a(¤g¦a+«Øª«),¹Å¸q¿¤¥Á¶¯¶mªF´ò§øªF¶Õ´ò1~30¸¹,99.89,,¯S©w¹A·~°Ï,¥ÒºØ«Ø¿v¥Î¦a,10403,¤g¦a5«Øª«1¨®¦ì0,¥þ,3,³z¤Ñ­í,¦í®a¥Î,¿ûµ¬²V¾®¤g³y,1040116,149.18,4,2,3,¦³,µL,5200000,34857,,0.0,0,,RPTPMLRJMHKFFCQ07CA
¤Ó«O¥«,©Ð¦a(¤g¦a+«Øª«),¹Å¸q¿¤¤Ó«OÉ]¤Ó«O¨½¤Ó«O271~300¸¹,79.67,¦í,,,10403,¤g¦a1«Øª«1¨®¦ì0,¥þ,3,³z¤Ñ­í,¦í®a¥Î,¿ûµ¬²V¾®¤g³y,0841002,175.39,3,2,2,¦³,µL,2700000,15394,,0.0,0,,RPQNMLLJMHKFFDQ68CA
¦µ¤l¥«,¤g¦a,¤júA·}¬q¤j¶m¤p¬q61~90¦a¸¹,2199.0,,¯S©w¹A·~°Ï,¹Aªª¥Î¦a,10403,¤g¦a1«Øª«0¨®¦ì0,,,¨ä¥L,,,,0.0,0,0,0,¦³,µL,1900000,864,,0.0,0,¿Ë¤Í¡B­û¤u©Î¨ä¥L¯S®íÃö«Y¶¡¤§¥æ©ö¡C,RPSNMLTJMHKFFBQ86CA
¥Á¶¯¶m,¤g¦a,¥Á¹A¬q811~840¦a¸¹,96.64,¦í,,,10403,¤g¦a3«Øª«0¨®¦ì0,,,¨ä¥L,,,,0.0,0,0,0,¦³,µL,680000,7036,,0.0,0,·î¹s¦a©Î¦³¦X¨Ö¨Ï¥Î¤§¥æ©ö¡C¦V¬F©²¾÷Ãö©ÓÁÊ¤§®×¥ó¡C,RPPNMLMJMHKFFCQ58CA
¥Á¶¯¶m,¤g¦a,ªQ¤l¸}¬q241~270¦a¸¹,2774.0,,¤@¯ë¹A·~°Ï,¹Aªª¥Î¦a,10403,¤g¦a1«Øª«0¨®¦ì0,,,¨ä¥L,,,,0.0,0,0,0,¦³,µL,3300000,1190,,0.0,0,,RPROMLKMLHKFFCQ88CA
¦µ¤l¥«,¤g¦a,¤å¤Æ¬q751~780¦a¸¹,21.7,¦í,,,10403,¤g¦a2«Øª«0¨®¦ì0,,,¨ä¥L,,,,0.0,0,0,0,¦³,µL,350000,16129,,0.0,0,¤G¿Ëµ¥¥S§Ì¶¡¶R½æ ¤w¥Ó³øÃØ»P,RPPNMLTLLHKFFBQ66CA
ªF¥Û¶m,¤g¦a,³»ªF¥Û¬q¾¤©ú¤p¬q91~120¦a¸¹,200.0,,¯S©w±M¥Î°Ï,¥ÒºØ«Ø¿v¥Î¦a,10403,¤g¦a1«Øª«0¨®¦ì0,,,¨ä¥L,,,,0.0,0,0,0,¦³,µL,1210000,6050,,0.0,0,,RPRNMLKMLHKFFBQ68CA
¦µ¤l¥«,©Ð¦a(¤g¦a+«Øª«),¹Å¸q¿¤¦µ¤l¥«¤¯©M¤@¸ô1~30¸¹,224.69,¦í,,,10312,¤g¦a7«Øª«1¨®¦ì0,¥þ,3,³z¤Ñ­í,¨£¨ä¥Lµn°O¨Æ¶µ,¿ûµ¬²V¾®¤g³y,1031024,294.25,4,2,5,¦³,¦³,14800000,50297,,0.0,0,,RPQOMLMJMHKFFBQ68CA
¦µ¤l¥«,©Ð¦a(¤g¦a+«Øª«),¹Å¸q¿¤¦µ¤l¥«¦Û¥ß¸ô13«Ñ1~30¸¹,107.0,¦í,,,10403,¤g¦a1«Øª«1¨®¦ì0,¥þ,2,³z¤Ñ­í,¦í®a¥Î,¿ûµ¬²V¾®¤g¥[±j¿j³y,0640821,84.0,4,2,1,¦³,µL,2150000,25595,,0.0,0,,RPQNMLLJMHKFFBQ48CA
ªF¥Û¶m,¤g¦a,¶ó´ä·s¬q361~390¦a¸¹,541.66,,¤@¯ë¹A·~°Ï,¾i´Þ¥Î¦a,10403,¤g¦a1«Øª«0¨®¦ì0,,,¨ä¥L,,,,0.0,0,0,0,¦³,µL,1638500,3025,,0.0,0,,RPTNMLKMLHKFFBQ88CA
¦µ¤l¥«,©Ð¦a(¤g¦a+«Øª«),¹Å¸q¿¤¦µ¤l¥«¤j?·}1036«Ñ6§Ë1~30¸¹,100.03,,¶m§ø°Ï,¤AºØ«Ø¿v¥Î¦a,10402,¤g¦a2«Øª«1¨®¦ì0,¥þ,4,³z¤Ñ­í,¨£¨ä¥Lµn°O¨Æ¶µ,¿ûµ¬²V¾®¤g³y,0970408,277.2,4,2,2,¦³,¦³,5970000,21537,,0.0,0,,RPQNMLLMLHKFFBQ68CA
¤»¸}¶m,¤g¦a,´ä§À¼d¬q151~180¦a¸¹,282.83,,¯S©w¹A·~°Ï,¥ÒºØ«Ø¿v¥Î¦a,10403,¤g¦a5«Øª«0¨®¦ì0,,,¨ä¥L,,,,0.0,0,0,0,¦³,µL,380000,1344,,0.0,0,,RPRNMLLMLHKFFBQ78CA
ªF¥Û¶m,¤g¦a,¶ó´ä·s¬q391~420¦a¸¹,18.77,,¶m§ø°Ï,¤AºØ«Ø¿v¥Î¦a,10403,¤g¦a1«Øª«0¨®¦ì0,,,¨ä¥L,,,,0.0,0,0,0,¦³,µL,180000,9590,,0.0,0,¿Ë¤Í¡B­û¤u©Î¨ä¥L¯S®íÃö«Y¶¡¤§¥æ©ö¡C,RPSNMLLMLHKFFBQ88CA
¦µ¤l¥«,©Ð¦a(¤g¦a+«Øª«),¹Å¸q¿¤¦µ¤l¥«¤s³q¸ô1~30¸¹,33.48,¦í,,,10403,¤g¦a1«Øª«1¨®¦ì0,¤T¼h,7,µØ·H(10¼h§t¥H¤U¦³¹q±è),¦í®a¥Î,¿ûµ¬²V¾®¤g³y,0830512,109.1,3,2,2,¦³,¦³,2600000,23831,,0.0,0,,RPPNMLLJMHKFFBQ38CA
¦µ¤l¥«,¤g¦a,¤júA·}¬q¤j¶m¤p¬q211~240¦a¸¹,3164.0,,¯S©w¹A·~°Ï,¹Aªª¥Î¦a,10403,¤g¦a1«Øª«0¨®¦ì0,,,¨ä¥L,,,,0.0,0,0,0,¦³,µL,6960800,2200,,0.0,0,Åv§Q¤H¦@2¤H,¦U«ù¤À1/2;¦a¤W¦³°ªÀ£¹q,RPOPMLMJMHKFFBQ58CA
¦µ¤l¥«,©Ð¦a(¤g¦a+«Øª«),¹Å¸q¿¤¦µ¤l¥«¶}¤¸¸ô116«Ñ1~30¸¹,78.0,¦í,,,10403,¤g¦a1«Øª«1¨®¦ì0,¥þ,1,³z¤Ñ­í,¦í®a¥Î,¤ì³y,0180320,66.51,3,1,1,¦³,µL,2831400,42571,,0.0,0,,RPTNMLLLMHKFFBQ98CA
ªF¥Û¶m,¤g¦a,·O¦w¬q781~810¦a¸¹,2621.84,,¤@¯ë¹A·~°Ï,¹Aªª¥Î¦a,10403,¤g¦a5«Øª«0¨®¦ì0,,,¨ä¥L,,,,0.0,0,0,0,¦³,µL,1302325,497,,0.0,0,Åv§Q¤Hµ¥3¤H¿Ë¤Í¡B­û¤u©Î¨ä¥L¯S®íÃö«Y¶¡¤§¥æ©ö¡C,RPPNMLLMLHKFFBQ58CA
¥Á¶¯¶m,©Ð¦a(¤g¦a+«Øª«),¹Å¸q¿¤¥Á¶¯¶m¿³«n§ø4¾F«Ø°ê¸ô¤T¬q237«Ñ31~60¸¹,94.78,¦í,,,10403,¤g¦a4«Øª«1¨®¦ì0,¥þ,3,³z¤Ñ­í,¦í®a¥Î,¿ûµ¬²V¾®¤g³y,0830120,134.9,4,2,2,¦³,µL,1800000,13343,,0.0,0,,RPQNMLMJMHKFFCQ68CA
¤jªLÂí,©Ð¦a(¤g¦a+«Øª«),¹Å¸q¿¤¤jªLÂí¥­ªL¨½«H¸qµó51«Ñ1~30¸¹,59.01,¦í,,,10403,¤g¦a2«Øª«1¨®¦ì0,¤­¼h,5,¤½´J(5¼Ó§t¥H¤UµL¹q±è),¨£¨ä¥Lµn°O¨Æ¶µ,¿ûµ¬²V¾®¤g³y,0851115,116.32,3,2,2,¦³,µL,2300000,19773,,0.0,0,,RPQNMLLJMHKFFCQ58CA
¤Ó«O¥«,¤g¦a,³Â¼d¬q1021~1050¦a¸¹,435.8,¦í,,,10403,¤g¦a3«Øª«0¨®¦ì0,,,¨ä¥L,,,,0.0,0,0,0,¦³,µL,8808000,20211,,0.0,0,,RPSNMLLMLHKFFDQ09CA
¤ô¤W¶m,©Ð¦a(¤g¦a+«Øª«),¹Å¸q¿¤¤ô¤W¶m¤¤ÉÜ§ø¤¤ÉÜ31~60¸¹,93.38,,¶m§ø°Ï,¤AºØ«Ø¿v¥Î¦a,10403,¤g¦a1«Øª«1¨®¦ì0,¥þ,2,³z¤Ñ­í,¦í®a¥Î,¥[±j¿j³y,0680720,97.6,3,1,2,¦³,µL,2000000,20492,,0.0,0,,RPWNMLLMLHKFFDQ86CA
¥Á¶¯¶m,©Ð¦a(¤g¦a+«Øª«),¹Å¸q¿¤¥Á¶¯¶mºÖ¼Ö§ø29¾F°ñ¨¤1~30¸¹,22.74,¦í,,,10403,¤g¦a1«Øª«1¨®¦ì0,¤­¼h,11,¦í¦v¤j¼Ó(11¼h§t¥H¤W¦³¹q±è),¨£¨ä¥Lµn°O¨Æ¶µ,¿ûµ¬²V¾®¤g³y,0830808,127.92,3,2,2,¦³,¦³,2750000,21498,,0.0,0,,RPWNMLRJMHKFFCQ17CA
¥Á¶¯¶m,¤g¦a,ªQ¤l¸}¬q181~210¦a¸¹,3104.0,,¤@¯ë¹A·~°Ï,¹Aªª¥Î¦a,10403,¤g¦a1«Øª«0¨®¦ì0,,,¨ä¥L,,,,0.0,0,0,0,¦³,µL,5352000,1724,,0.0,0,,RPTNMLOKMHKFFCQ66CA
¥Á¶¯¶m,¤g¦a,ªFºa¬q931~960¦a¸¹,18.25,°Ó,,,10403,¤g¦a1«Øª«0¨®¦ì0,,,¨ä¥L,,,,0.0,0,0,0,¦³,µL,1500000,82192,,0.0,0,¿ËÄÝ¯S®íÃö«Y¶¡¤§¥æ©ö¡C§t«ù¤À¥¼¿ì«O¦sµn°O«Øª«¡C,RPVNMLPKMHKFFCQ96CA
¤Ó«O¥«,©Ð¦a(¤g¦a+«Øª«),¹Å¸q¿¤¤Ó«OÉ]³»´ä¤láY31~60¸¹,7.73,,¶m§ø°Ï,¤AºØ«Ø¿v¥Î¦a,10403,¤g¦a2«Øª«1¨®¦ì0,¥|¼h,5,®M©Ð(1©Ð1ÆU1½Ã),¨£¨ä¥Lµn°O¨Æ¶µ,¿ûµ¬²V¾®¤g³y,0940815,11.52,1,1,1,¦³,µL,390000,33854,,0.0,0,,RPSNMLSJMHKFFDQ07DA
µf¸ô¶m,¤g¦a,ñF¤l¸}¬q181~210¦a¸¹,522.0,,¤s©Y¦a«O¨|°Ï,¤þºØ«Ø¿v¥Î¦a,10403,¤g¦a1«Øª«0¨®¦ì0,,,¨ä¥L,,,,0.0,0,0,0,¦³,µL,6600000,12644,,0.0,0,,RPSNMLLJMHKFFEQ98CA
µf¸ô¶m,¤g¦a,ñF¤l¸}¬q181~210¦a¸¹,649.0,,¤s©Y¦a«O¨|°Ï,¤þºØ«Ø¿v¥Î¦a,10403,¤g¦a1«Øª«0¨®¦ì0,,,¨ä¥L,,,,0.0,0,0,0,¦³,µL,8000000,12327,,0.0,0,,RPTNMLLJMHKFFEQ09CA
¤¤®H¶m,¤g¦a,ú[ú]¬q241~270¦a¸¹,4412.0,,¯S©w¹A·~°Ï,¹Aªª¥Î¦a,10403,¤g¦a1«Øª«0¨®¦ì0,,,¨ä¥L,,,,0.0,0,0,0,¦³,µL,6100000,1383,,0.0,0,,RPQNMLMJMHKFFDQ78CA
¥Á¶¯¶m,¤g¦a,¤û¤æ¤s¬q601~630¦a¸¹,1400.0,,¤@¯ë¹A·~°Ï,¹Aªª¥Î¦a,10403,¤g¦a1«Øª«0¨®¦ì0,,,¨ä¥L,,,,0.0,0,0,0,¦³,µL,1442000,1030,,0.0,0,¤Gµ¥¿Ë¶¡¤§¥æ©ö¡C,RPUNMLLMLHKFFCQ76EA
¤ô¤W¶m,¤g¦a,¤ô¦è¬q1051~1080¦a¸¹,631.74,¦í,,,10403,¤g¦a1«Øª«0¨®¦ì0,,,¨ä¥L,,,,0.0,0,0,0,¦³,µL,13300000,21053,,0.0,0,,RPVNMLTLMHKFFDQ77EA
¦Ë±T¶m,¤g¦a,·à¤lÀY¬q511~540¦a¸¹,642.5,,¤@¯ë¹A·~°Ï,¤þºØ«Ø¿v¥Î¦a,10403,¤g¦a1«Øª«0¨®¦ì0,,,¨ä¥L,,,,0.0,0,0,0,¦³,µL,1670500,2600,,0.0,0,,RPUNMLLJMHKFFEQ76EA
¦Ë±T¶m,¤g¦a,¯uªZ¬q151~180¦a¸¹,132.0,¦í,,,10403,¤g¦a1«Øª«0¨®¦ì0,,,¨ä¥L,,,,0.0,0,0,0,¦³,µL,3280000,24848,,0.0,0,,RPPNMLSJMHKFFEQ96EA
¦µ¤l¥«,©Ð¦a(¤g¦a+«Øª«),¹Å¸q¿¤¦µ¤l¥«¥|ºû¸ô¤@¬q584«Ñ1~30¸¹,10.86,¦í,,,10402,¤g¦a1«Øª«1¨®¦ì0,¤Q¤T¼h¡A¤Q¥|¼h,14,¦í¦v¤j¼Ó(11¼h§t¥H¤W¦³¹q±è),¦í®a¥Î,¿ûµ¬²V¾®¤g³y,0850815,87.82,3,1,2,¦³,¦³,2000000,22774,,0.0,0,¿Ë¤Í¡B­û¤u©Î¨ä¥L¯S®íÃö«Y¶¡¤§¥æ©ö¡C,RPTNMLSLMHKFFBQ27EA
¥Á¶¯¶m,¤g¦a,¥Á¥_¬q871~900¦a¸¹,7.0,¦í,,,10403,¤g¦a1«Øª«0¨®¦ì0,,,¨ä¥L,,,,0.0,0,0,0,¦³,µL,90000,12857,,0.0,0,,RPTNMLLJMHKFFCQ09EA
¥Á¶¯¶m,¤g¦a,¥Á¥_¬q871~900¦a¸¹,33.0,¦í,,,10403,¤g¦a1«Øª«0¨®¦ì0,,,¨ä¥L,,,,0.0,0,0,0,¦³,µL,549037,16637,,0.0,0,,RPUNMLLJMHKFFCQ56EA
¥Á¶¯¶m,¤g¦a,¥Á¥_¬q871~900¦a¸¹,20.0,¦í,,,10403,¤g¦a1«Øª«0¨®¦ì0,,,¨ä¥L,,,,0.0,0,0,0,¦³,µL,332750,16638,,0.0,0,,RPVNMLLJMHKFFCQ66EA
¤ô¤W¶m,©Ð¦a(¤g¦a+«Øª«),¹Å¸q¿¤¤ô¤W¶m©¾©M§ø¬õ¤ò¼d1~30¸¹,114.01,,¯S©w¹A·~°Ï,¥ÒºØ«Ø¿v¥Î¦a,10403,¤g¦a1«Øª«1¨®¦ì0,¥þ,3,³z¤Ñ­í,¦í°Ó¥Î,¿ûµ¬²V¾®¤g³y,0840620,171.37,4,2,2,¦³,µL,2860000,16689,,0.0,0,,RPTNMLMJMHKFFDQ09CA
¤Ó«O¥«,¤g¦a,¹L·¾¬q¹L·¾¤p¬q1801~1830¦a¸¹,6070.0,,¯S©w¹A·~°Ï,¹Aªª¥Î¦a,10402,¤g¦a1«Øª«0¨®¦ì0,,,¨ä¥L,,,,0.0,0,0,0,¦³,µL,9360000,1542,,0.0,0,,RPUNMLMJMHKFFDQ56CA
¤ô¤W¶m,¤g¦a,¤ô¤W¬q¤ô¤W¤p¬q61~90¦a¸¹,1377.0,,¯S©w¹A·~°Ï,¹Aªª¥Î¦a,10403,¤g¦a1«Øª«0¨®¦ì0,,,¨ä¥L,,,,0.0,0,0,0,¦³,µL,3750000,2723,,0.0,0,,RPVNMLMJMHKFFDQ66CA
¤ô¤W¶m,©Ð¦a(¤g¦a+«Øª«),¹Å¸q¿¤¤ô¤W¶m©¾©M§ø¥Û¥J¬û1~30¸¹,116.73,,¯S©w¹A·~°Ï,¥ÒºØ«Ø¿v¥Î¦a,10403,¤g¦a1«Øª«1¨®¦ì0,¥þ,1,³z¤Ñ­í,¦í®a¥Î,¿j³y,0700605,63.27,0,0,0,¦³,µL,900000,14225,,0.0,0,,RPPNMLKKMHKFFDQ58CA
¤Ó«O¥«,©Ð¦a(¤g¦a+«Øª«),¹Å¸q¿¤¤Ó«OÉ]³Â¼d¨½19¾F¥_´ä¸ô¤G¬q403«Ñ31~60¸¹,88.0,¦í,,,10403,¤g¦a1«Øª«1¨®¦ì0,¥þ,3,³z¤Ñ­í,¦í®a¥Î,¿ûµ¬²V¾®¤g³y,0810704,152.45,4,2,3,¦³,µL,4700000,30830,,0.0,0,§t¼W«Ø©Î¥¼µn°O«Øª«¡C,RPRNMLSKMHKFFDQ96CA
¤ô¤W¶m,¤g¦a,«n¹t¬q«n©M¤p¬q1471~1500¦a¸¹,891.0,,¯S©w¹A·~°Ï,¹Aªª¥Î¦a,10403,¤g¦a1«Øª«0¨®¦ì0,,,¨ä¥L,,,,0.0,0,0,0,¦³,µL,1380000,1549,,0.0,0,,RPUNMLOLMHKFFDQ96CA
¦Ë±T¶m,¤g¦a,¼Ì¾ð©W¬q811~840¦a¸¹,2000.0,,¤s©Y¦a«O¨|°Ï,ªL·~¥Î¦a,10403,¤g¦a1«Øª«0¨®¦ì0,,,¨ä¥L,,,,0.0,0,0,0,¦³,µL,160000,80,,0.0,0,¦ì¸m°¾»÷¡AµL¹ï¥~Ápµ¸¹D¸ô¡AÄé¤ìÂO¥Í¡C,RPQNMLKKMHKFFEQ78CA
¦Ë±T¶m,¤g¦a,¼Ì¾ð©W¬q841~870¦a¸¹,1000.0,,¤s©Y¦a«O¨|°Ï,¹Aªª¥Î¦a,10403,¤g¦a1«Øª«0¨®¦ì0,,,¨ä¥L,,,,0.0,0,0,0,¦³,µL,150000,150,,0.0,0,¦ì¸m°¾»÷¡AµL¹ï¥~Ápµ¸¹D¸ô¡AÄé¤ìÂO¥Í¡C,RPPNMLLJMHKFFEQ68CA
±ö¤s¶m,¤g¦a,Às²´ªL¬q481~510¦a¸¹,79.0,,¤s©Y¦a«O¨|°Ï,ªL·~¥Î¦a,10403,¤g¦a1«Øª«0¨®¦ì0,,,¨ä¥L,,,,0.0,0,0,0,¦³,µL,12000,152,,0.0,0,¦ì¸m°¾»÷¡AµL¹ï¥~Ápµ¸¹D¸ô¡AÄé¤ìÂO¥Í¡C,RPQNMLLJMHKFFEQ78CA
µf¸ô¶m,¤g¦a,ñF¤l¸}¬q181~210¦a¸¹,558.0,,¤s©Y¦a«O¨|°Ï,¤þºØ«Ø¿v¥Î¦a,10403,¤g¦a1«Øª«0¨®¦ì0,,,¨ä¥L,,,,0.0,0,0,0,¦³,µL,7000000,12545,,0.0,0,,RPRNMLLJMHKFFEQ88CA
¤ô¤W¶m,©Ð¦a(¤g¦a+«Øª«),¹Å¸q¿¤¤ô¤W¶m¤jÔ³§ø¤jÔ³§À31~60¸¹,123.88,,¯S©w¹A·~°Ï,¥ÒºØ«Ø¿v¥Î¦a,10403,¤g¦a2«Øª«1¨®¦ì0,¥þ,3,³z¤Ñ­í,¦í®a¥Î,¿ûµ¬²V¾®¤g³y,0880716,121.04,5,1,3,¦³,µL,3770000,31147,,0.0,0,,RPRNMLTJMHKFFDQ07DA
¥¬³UÂí,¤g¦a,ÃS´ä¬q391~420¦a¸¹,21265.14,,¯S©w±M¥Î°Ï,¾i´Þ¥Î¦a,10403,¤g¦a1«Øª«0¨®¦ì0,,,¨ä¥L,,,,0.0,0,0,0,¦³,µL,8800000,414,,0.0,0,,RPPNMLPKMHKFFBQ98DA
¥Á¶¯¶m,©Ð¦a(¤g¦a+«Øª«)+¨®¦ì,¹Å¸q¿¤¥Á¶¯¶mºÖ¼Ö§ø1¾F°ñ¨¤¸ô1~30¸¹,35.67,¦í,,,10403,¤g¦a1«Øª«1¨®¦ì1,¤@¼h¡A¤G¼h¡A¤T¼h¡AÃM¼Ó,11,¦í¦v¤j¼Ó(11¼h§t¥H¤W¦³¹q±è),¦í°Ó¥Î,¿ûµ¬²V¾®¤g³y,0830808,200.94,3,2,3,¦³,¦³,3200000,15925,©Y¹D¾÷±ñ,0.0,0,,RPPNMLSKMHKFFCQ66CA
¥Á¶¯¶m,¤g¦a,·sÉÜ¤l¬q61~90¦a¸¹,580.33,¦í,,,10403,¤g¦a2«Øª«0¨®¦ì0,,,¨ä¥L,,,,0.0,0,0,0,¦³,µL,4915400,8470,,0.0,0,,RPPNMLTKMHKFFCQ76CA
¥Á¶¯¶m,¤g¦a,·sÉÜ¤l¬q61~90¦a¸¹,1158.67,¦í,,,10403,¤g¦a3«Øª«0¨®¦ì0,,,¨ä¥L,,,,0.0,0,0,0,¦³,µL,9814000,8470,,0.0,0,,RPRNMLTKMHKFFCQ96CA
¥Á¶¯¶m,©Ð¦a(¤g¦a+«Øª«),¹Å¸q¿¤¥Á¶¯¶mªF´ò§øªF¶Õ´ò1~30¸¹,100.89,,¯S©w¹A·~°Ï,¥ÒºØ«Ø¿v¥Î¦a,10403,¤g¦a4«Øª«1¨®¦ì0,¥þ,3,³z¤Ñ­í,¦í®a¥Î,¿ûµ¬²V¾®¤g³y,1040116,149.34,4,2,3,¦³,µL,5000000,33481,,0.0,0,,RPVPMLRJMHKFFCQ27CA
·s´ä¶m,¤g¦a,·Ë¥_¬q·Ë¥_¤p¬q421~450¦a¸¹,538.0,,¯S©w¹A·~°Ï,¹Aªª¥Î¦a,10403,¤g¦a1«Øª«0¨®¦ì0,,,¨ä¥L,,,,0.0,0,0,0,¦³,µL,420000,781,,0.0,0,¿Ë¤Í¯S®íÃö«Y¶¡¤§¥æ©ö¡C,RPPNMLSJMHKFFCQ56CA
¥Á¶¯¶m,©Ð¦a(¤g¦a+«Øª«),¹Å¸q¿¤¥Á¶¯¶m¤T¿³§ø7¾F¤T¿³¸ô151~180¸¹,104.58,¦í,,,10403,¤g¦a1«Øª«1¨®¦ì0,¥þ,4,³z¤Ñ­í,¨£¨ä¥Lµn°O¨Æ¶µ,¿ûµ¬²V¾®¤g³y,0950823,228.34,8,2,8,¦³,µL,7200000,31532,,0.0,0,,RPWNMLNKMHKFFCQ86CA
¤¤®H¶m,¤g¦a,íB¥JªL¬q751~780¦a¸¹,441.32,,¤s©Y¦a«O¨|°Ï,¤þºØ«Ø¿v¥Î¦a,10403,¤g¦a2«Øª«0¨®¦ì0,,,¨ä¥L,,,,0.0,0,0,0,¦³,µL,950000,2153,,0.0,0,¨ü¶ÅÅv¶Å°È¼vÅT©Î¶Å°È©èÀv¤§¥æ©ö¡C,RPUNMLLJMHKFFDQ09CA
·s´ä¶m,¤g¦a,¤T¶¡­í¬q811~840¦a¸¹,3652.0,,¯S©w¹A·~°Ï,¹Aªª¥Î¦a,10403,¤g¦a1«Øª«0¨®¦ì0,,,¨ä¥L,,,,0.0,0,0,0,¦³,µL,5271000,1443,,0.0,0,,RPSNMLLLMHKFFCQ98CA
·s´ä¶m,¤g¦a,¤ë¬Ü¼æ¬q¤ë¬Ü¤p¬q121~150¦a¸¹,3354.0,,¯S©w¹A·~°Ï,¹Aªª¥Î¦a,10403,¤g¦a1«Øª«0¨®¦ì0,,,¨ä¥L,,,,0.0,0,0,0,¦³,µL,5835900,1740,,0.0,0,,RPTNMLLJMHKFFCQ88CA
